pool,router,pool_type,fee_or_params,created_at,tokens
CCY2PXGMKNQHO7WNYXEWX76L2C5BH3JUW3RCATGUYKY7QQTRILBZIFWV,CBQDHNBF…C6QUK,constant,"{""u32"":30}",2024-07-25 08:19:40,
CA6GAFOJCW4MGQQBUCQUSA3CLIH25G4SNKB2JHYKZCVWZTNW5VXMSC4O,CBQDHNBF…C6QUK,constant,"{""u32"":30}",2024-07-25 11:18:02,
CDUX476HQ4JZBPLLVEVRIVXDRKAGYDNDL7OLBE5DD37JXOUFI2NACXJ5,CBQDHNBF…C6QUK,constant,"{""u32"":30}",2024-07-25 11:33:16,
CBP67KMDEOZHRJ5YM7DS4MOVYJH66YCEFCVBDBQVNTI46X37DU6KOZMB,CBQDHNBF…C6QUK,constant,"{""u32"":100}",2024-07-25 12:16:42,
CDRRLXLBXYVENKIUCCTFUT5WW6BW43NJMAPEMGU6VIU74LV6526OLS35,CBQDHNBF…C6QUK,stable,,2024-07-25 12:19:07,
CCFGZJTHQZGDZP5PK6WMLKHKJ72ACSVMJGCI2NFR7Q6EAVSKWLJB3ZH3,CBQDHNBF…C6QUK,stable,,2024-07-26 11:09:22,
CA6PUJLBYKZKUEKLZJMKBZLEKP2OTHANDEOWSFF44FTSYLKQPIICCJBE,CBQDHNBF…C6QUK,constant,"{""u32"":10}",2024-07-29 22:05:20,
CCLZQDL5LY2DBPNNFBRKPSROGFGTT7Y7AI2SM6QUI3SUTTKA672X4PDF,CBQDHNBF…C6QUK,stable,,2024-07-31 23:00:34,
CDE57N6XTUPBKYYDGQMXX7E7SLNOLFY3JEQB4MULSMR2AKTSAENGX2HC,CBQDHNBF…C6QUK,constant,"{""u32"":10}",2024-08-05 12:08:19,
CCF76DJMOL56MGFFKQ4U5BY3RSZC37R2F5F3NIW7MPUOKFRY4LOKN7EQ,CA7RQDMM…RUOJQ,constant,"{""u32"":100}",2024-08-06 03:42:21,
CDGAAOKSMARPIFB4N54BBAHXPZ7QMESGUUSLZ6QGSFFPFWDH35D72GFH,CA7RQDMM…RUOJQ,constant,"{""u32"":10}",2024-08-06 07:31:34,
CBFNCIWG4HEMGSAAR4DEVS2DA7JWQYH5SQEZ6SR74HOZCSP3JNCSFZEA,CA7RQDMM…RUOJQ,constant,"{""u32"":30}",2024-08-08 10:12:41,
CDU5EDRLORSCPHZDAEVHNOT7EMRLWSGHRA3WLCXFGUNVVY22PLEWNBBU,CA7RQDMM…RUOJQ,stable,,2024-08-08 11:46:48,
CCWURHLMAE7M7KBB6JAEMHGZQVENXMF73VTDBBFPK52Q23JRFUVY4JLS,CA7RQDMM…RUOJQ,constant,"{""u32"":10}",2024-08-21 09:12:42,
CBHWO677JA72CGF2SPTWISMJP7PQTT7NQBIO6W5YQ62UJBF55IN34F26,CA7RQDMM…RUOJQ,constant,"{""u32"":30}",2024-08-21 09:32:52,
CB7L2XGIQMJX2VO5BEDY7Y4BF5RNXBGA3N5QUEMYGIFHJOXRHDMF2C5F,CA7RQDMM…RUOJQ,constant,"{""u32"":100}",2024-08-21 09:33:32,
CAB6MICC2WKRT372U3FRPKGGVB5R3FDJSMWSLPF2UJNJPYMBZ76RQVYE,CBQDHNBF…C6QUK,constant,"{""u32"":30}",2024-08-23 06:14:11,
CD4ASKG2XVZRAUXSXPCGUSBIX4JOC2TNA2FDBAPUNJB7RSUG5YGRQRSF,CBQDHNBF…C6QUK,constant,"{""u32"":10}",2024-08-29 10:16:05,
CB7FKGSTHP75ORTIZGGMVUTQLEMVTSEOI4QORQPCABJSGTAATDFCE2YV,CBQDHNBF…C6QUK,constant,"{""u32"":30}",2024-08-31 05:51:09,
CCSY43EHJAHT3NQDYKAMJXRFBEEH7OXDL3J3VNGO33UUSEXWNN27GBIZ,CBQDHNBF…C6QUK,constant,"{""u32"":100}",2024-09-14 04:50:09,
CDPKDMH5WQDVNN3TVOYAJLPQ27HVPPHWKD6C5APMZSRFAJAWZYSEA6PB,CA7RQDMM…RUOJQ,constant,"{""u32"":10}",2024-09-17 07:41:16,
CCZIETBWABI4H7NONISQZKGI74FPUKNLCOIWQJ2RZIMCYIFOJAS56LTN,CA7RQDMM…RUOJQ,constant,"{""u32"":30}",2024-09-17 07:51:59,
CCE5SYJ4EJDVN2ZNB5A3DE7UOLLHI2I3J5FOFO6U6BFSXRGMYQ6GOTH7,CBQDHNBF…C6QUK,stable,,2024-09-24 17:04:32,
CAQVZKCFWX4HT3C3RUXGR7OETDKRMN433M2QWUXC5X64WE2FKDUFA7GQ,CBQDHNBF…C6QUK,constant,"{""u32"":10}",2024-09-24 17:09:36,
CDFVWNLPXHEARNK7RT6Q42TYOE5FC6N2VPXH5GVJ7N6H2PWRKKNPOENC,CA7RQDMM…RUOJQ,constant,"{""u32"":10}",2024-09-30 10:32:04,
CBUTKQ3Z35FZLUKODPV7MS7NHWA3ED4IJZL5GOBQQQIHQIL4AFGJS45O,CBQDHNBF…C6QUK,stable,,2024-10-03 12:49:36,
CBSJVUIJEWSNJ7GCDMRW22VDBDQAG4ESR42ECZGB6X4Y2J6C2UAR6LSY,CBQDHNBF…C6QUK,constant,"{""u32"":10}",2024-10-04 15:55:05,
CBPSJKMTP5SELRPOKQECDEEMSMSWJKKIRUXKOOBHVWDTPNR76O4E7BSZ,CBQDHNBF…C6QUK,constant,"{""u32"":10}",2024-10-06 13:31:10,
CAC56QNJ2CX456TPC5S4MSOU3DBULG4TGN7AZ2SAYGBLD3GICFMZBIT2,CBQDHNBF…C6QUK,stable,,2024-10-08 15:52:23,
CASDAEULZPRO2GFVBOGEWZNNG2JR2JHH4ORBDC7MYOZLBKF4XB7SALYC,CA7RQDMM…RUOJQ,constant,"{""u32"":10}",2024-10-11 06:50:37,
CDDLTOODRYTIJE4KPS4BIIXWPLVMSIYVG7GE4W7MG2UBQ3QCCET4SUFA,CBQDHNBF…C6QUK,constant,"{""u32"":10}",2024-10-14 06:09:46,
CBYHINSSG47ODHUV6ENPZRCGISZE6G3WKZV3OOVFAMFEIRTPR5CLW7QH,CBQDHNBF…C6QUK,constant,"{""u32"":10}",2024-10-19 18:39:33,
CCHOYEP6SGO6I6DT23TPSN5MKUE3O7OT7BXON6KZI5CD47PEH7EYX5GW,CBQDHNBF…C6QUK,constant,"{""u32"":10}",2024-10-28 14:37:07,
CBA773WXS4IYY6UBRB5UYWUG2AVJCJQFUNY4R6V6LRXGSB22PPI4JUHD,CBQDHNBF…C6QUK,constant,"{""u32"":10}",2024-11-03 14:59:03,
CAFELOFDTDFZUCLQ75ZBIQO2JJOLJTSDMGCDPSO2HXAU55VPJHE2IS5K,CBQDHNBF…C6QUK,constant,"{""u32"":10}",2024-11-03 15:00:02,
CCMD6523ITIZX7WQEWCGDJE7FHD6AO6VSLWJ6VFLLFFPYENY6CFREMNK,CA7RQDMM…RUOJQ,constant,"{""u32"":30}",2024-11-07 07:26:58,
CA4AU6O7V5HL5SPDRERKWRUG22KIPVOA3KOHCWZJJUYQ5NFKC7OAUIW6,CA7RQDMM…RUOJQ,constant,"{""u32"":10}",2024-11-11 06:25:07,
CAQENB7J57NTUWKTPDJ6CRIMI734US7Q2U2VXRWTNMMFSVXDTPWEUJGU,CBQDHNBF…C6QUK,constant,"{""u32"":30}",2024-11-16 21:34:39,
CDPBOIGPIMZW7ZUHXHDEIE5FN4GXC5T7HCAHT6NKAIXMNNZWPBHC3W54,CBQDHNBF…C6QUK,constant,"{""u32"":30}",2024-11-27 19:05:47,
CBM3E3AV67FLU7AJTEYJCR7VOW63KKTHP4NYMMESXRGP5BIHKMCFZ4C5,CBQDHNBF…C6QUK,constant,"{""u32"":10}",2024-11-27 19:10:37,
CBFXFTFLUUIBQGHLMSI762JUD34NHLFZ5AGPLEQ2WJ2CEQANDPZODNVN,CBQDHNBF…C6QUK,constant,"{""u32"":30}",2024-11-27 19:20:11,
CAALB3YN5DGHR76IEUERNLVRCHILENPCZ6SSU7YY2F4MY5WTYCKSYTTU,CA7RQDMM…RUOJQ,constant,"{""u32"":10}",2024-12-16 10:39:25,
CANNGX6237WS6E3VS5UVY6P547D2BTZ5PEX3XS2Y2F4MTB7EHHRJILQR,CA7RQDMM…RUOJQ,stable,"{""u32"":100},{""u128"":""1500""}",2024-12-16 10:50:57,
CAWRUZOOSKHS5AKN2PLRTCDLBCT2RPFKYL7DRAI5Q64HFIKUGK5YNZFV,CA7RQDMM…RUOJQ,constant,"{""u32"":10}",2024-12-16 11:20:50,
CBNLT7K2DUJ6U4HR7RABYQSDZ7AQYQIHBWO7SYCC4XEUOAF6OTOMHPRT,CA7RQDMM…RUOJQ,stable,"{""u32"":10},{""u128"":""1500""}",2024-12-16 11:22:06,
CBQRTFL2DNYL3DQDFL4FYGY2RLX4QXIRE3MHRRHB7O5RF3GHPVCZYYBZ,CA7RQDMM…RUOJQ,constant,"{""u32"":10}",2024-12-16 13:06:23,
CAI3PBFR572FUXEYCZSTJ4HYTL7KF4EYTKHJB7KJSNYTN43BDFPTG4TS,CA7RQDMM…RUOJQ,constant,"{""u32"":30}",2024-12-18 11:11:02,
CCP3PPN6A5GRAGZTQAXYWSROV4QQMEE3FOR2IXSYYVOXCXPMZRB2QAWZ,CBQDHNBF…C6QUK,constant,"{""u32"":100}",2024-12-19 02:50:25,
CD6VHCKSUPGQVQPEQUI6EAEO6Z4PXMFTPHW3UTAOF7W4UF7TH7ZSKZBG,CBQDHNBF…C6QUK,stable,,2024-12-28 07:34:43,
CDRAJL4B6PV3U22H4VBM3PGOEDG6AWCDBJHVUMQSL4LHH7RF4JZPTLV3,CBQDHNBF…C6QUK,stable,,2024-12-30 07:54:34,
CB4FDVJZEL4KE4ZEY2BSQ5VTOXZDPV34ZT3YO2AMW7PPOTH5ONF2GXHD,CBQDHNBF…C6QUK,constant,"{""u32"":10}",2025-01-02 12:17:03,
CC6MJT4233D354EZTYWRTF6X5LS223C3TEUPVEA6G5KVTV5SYSEVP44S,CBQDHNBF…C6QUK,constant,"{""u32"":10}",2025-01-02 12:17:20,
CCPHQ3GS6TMBGEOFMXARRRQ35LTAGM3A4OFW7EMRZG2SJFSBD65XZFF6,CBQDHNBF…C6QUK,constant,"{""u32"":10}",2025-01-02 12:17:38,
CAF63CNDJBATL376WDN5KUNN32JQKNYC26SQ62OLXYMAWBYE23P6M5WT,CBQDHNBF…C6QUK,constant,"{""u32"":30}",2025-01-04 15:59:22,
CDD3OQDUVL3ITL4ZJF27WVSO65PFEQQ5AOHEUPUHC7YNL7VUYM4QRLZ5,CBQDHNBF…C6QUK,stable,,2025-01-04 16:07:36,
CAGG5WHOXR72BDDMLIN56Q6NP5SBJQJ73RMOOIL255FNRFWZO55MATSO,CBQDHNBF…C6QUK,constant,"{""u32"":30}",2025-01-07 08:36:20,
CB66IZEXJMKBAUJDIQMNGBSQBHXKUDPBIPEINZEOUMOEKC2NKMSFVFZJ,CBQDHNBF…C6QUK,constant,"{""u32"":30}",2025-01-11 13:57:37,
CCZC4HGM2BW7TIIS4KBDQEZX67DFZLOL6TZXGUGD6SJZS6IJ5JUAEZZR,CBQDHNBF…C6QUK,constant,"{""u32"":30}",2025-01-16 04:40:07,
CAI57H4HYE2TNI2MM4LYAZ24Y3XLSBNWTSNDKNTOYFOBHYNHTMQAXN7W,CBQDHNBF…C6QUK,constant,"{""u32"":30}",2025-01-16 04:43:29,
CDOGKTAHIINHYDL3BUYDVKIQDDJI35IBMLOUHC3AZC6FNJFT5ZC7BYDJ,CBQDHNBF…C6QUK,constant,"{""u32"":10}",2025-01-16 04:48:00,
CCOZA42SRNHEMT7SBPAX5BG7BJXTTCHJ56FYCQRYB35CP5WUVEXM7B3F,CBQDHNBF…C6QUK,stable,,2025-01-16 05:08:42,
CCWNKTTMHZ4VRR3FYQT3G253MHOGRLUEVTO6YPENM7ZN65DGC345LHI6,CBQDHNBF…C6QUK,stable,,2025-01-16 17:54:14,
CCJY3VRDZ55SQVD73RO3D6LPT33AMUYAQDDTGN7OHXAEDPQPRZ2PCDJT,CA7RQDMM…RUOJQ,stable,"{""u32"":10},{""u128"":""1500""}",2025-01-17 16:02:37,
CAGONMIX4RL2MPHP6INYZJEFIZ4NQLE4BAU22EJBJ7HMN2QC4ZP364ON,CBQDHNBF…C6QUK,constant,"{""u32"":10}",2025-01-17 19:15:46,
CBBIRRHJGR3W4YTDBSURB3X7GMA5BN3TO6DZJYKXWNFMXEMPXYQCNYGU,CBQDHNBF…C6QUK,constant,"{""u32"":10}",2025-01-17 19:16:38,
CBRNBLCGEYOEXD2JVCT5YEZ4RZY3IPQGYEI2D4MKSG7I62NWYJFZ2JRY,CBQDHNBF…C6QUK,constant,"{""u32"":10}",2025-01-18 12:34:56,
CCS2D4NOERLQH7HL23HMMHW37U366VVTQAYHLUGFKLRUWMRIRP7RQ2MF,CBQDHNBF…C6QUK,constant,"{""u32"":100}",2025-01-18 12:36:07,
CCON5USQZ2SHOILAGTH6PAQOECE5ZSHKWY4ECHVQUPQH6ZN42J7NTA2N,CBQDHNBF…C6QUK,constant,"{""u32"":30}",2025-01-20 16:06:02,
CBSGKBPK6CU2ZZKI4T3GRDWA2WBEQ6ISXI5MWFMAO5IKIYAHOEUODPHN,CBQDHNBF…C6QUK,constant,"{""u32"":30}",2025-01-20 16:06:47,
CAQODUH4XNX2NTFVACRMO4UR7MA5RLSZA5ZQTHILQYGYYCFQ3LUATIGM,CBQDHNBF…C6QUK,constant,"{""u32"":30}",2025-01-20 20:35:15,
CBRGFMR6QBX7ASUBO534UDGOUB2SDGRL7AAFXFYBQ4DT4RJTWQG55W2T,CBQDHNBF…C6QUK,stable,"{""u32"":10},{""u128"":""1500""}",2025-01-21 04:20:59,
CAUCGDPDPQL4EPMPPFST63VBDVN6H5LMDYM3OTBGJQZTCTM3DE4IWWWB,CBQDHNBF…C6QUK,constant,"{""u32"":100}",2025-01-21 16:01:35,
CDKVJYMN34ZIEXSLNFYHVAFF6M6FM5E2U6OHXOTBKH2WLBULXOE53YDP,CBQDHNBF…C6QUK,stable,"{""u32"":10},{""u128"":""1500""}",2025-01-21 17:49:56,
CD65EROVLTDU2DWM4ZUJF4NHK4A46DX2UAOGCV7YDFPCSLFYNH57KGIY,CBQDHNBF…C6QUK,constant,"{""u32"":30}",2025-01-22 12:42:00,
CDSVWH3J6C4FJO6C5CE5LF4VFPIV5WLMNQQKSNWJXNKLONXK5PAZ4KAG,CBQDHNBF…C6QUK,stable,"{""u32"":50},{""u128"":""1500""}",2025-01-23 07:59:06,
CBRXOYKXPQI4EEA6KA35TUIYN5OJLNWMTIVDOMNOIL2BG5Y5LEDHUU7V,CBQDHNBF…C6QUK,stable,"{""u32"":50},{""u128"":""1500""}",2025-01-23 08:14:03,
CCQ6SUAEW4REXTXI5ZL7F2UNXTZTQAORQIPCCNWQWT3SGNYWZTTDLFTT,CBQDHNBF…C6QUK,stable,"{""u32"":50},{""u128"":""6750""}",2025-01-23 08:20:07,
CD656U6QQK5VEPB4ASHALPMP3LIM3Y6ZKBEKNLSPIO3FBO6YIDYQCM4R,CBQDHNBF…C6QUK,constant,"{""u32"":100}",2025-01-23 14:31:04,
CBW7MXDIGZMY6UZN6T7P6J2AFGOVZQ6ZMF7IPHUAPJBD2S7J735UI2O6,CBQDHNBF…C6QUK,constant,"{""u32"":30}",2025-01-23 18:16:49,
CAEG2CDYEDSSZKJS7MWNINVBC4CQZGIJQ36OKSGE3A65VRSBDCFSE544,CBQDHNBF…C6QUK,constant,"{""u32"":30}",2025-01-23 18:33:24,
CCMHVBZGY65EIFQZLZFRWMPMM23MWK4P5RFKDFWEPA5NQHENBNWMZETZ,CBQDHNBF…C6QUK,constant,"{""u32"":100}",2025-01-27 15:52:46,
CCBB55HJJQNOA56FT37SI3B6EYJ6VMW2RB4BZJZGTEZBT5QUMN3DUGCQ,CBQDHNBF…C6QUK,constant,"{""u32"":10}",2025-01-28 06:24:03,
CA2JB3HAM7PWI2WCOW22ZEDKKIGJEWUDIZBGICITRDN2TAJ2QLWVTLXR,CBQDHNBF…C6QUK,constant,"{""u32"":30}",2025-01-28 06:30:01,
CCO2HI5HGF6KVMA65DOIN52BWA4P6Z6T6HKO46KGLZXXIUB3KZ3K5W4E,CA7RQDMM…RUOJQ,constant,"{""u32"":10}",2025-01-30 10:15:14,
CBJG3RM3KFLJQIFCAJMCK57FY3YOQ2ZDKEAZEGAYH6JOCPZONBYJOXFZ,CBQDHNBF…C6QUK,constant,"{""u32"":30}",2025-01-31 13:57:41,
CBL7MWLEZ4SU6YC5XL4T3WXKNKNO2UQVDVONOQSW5VVCYFWORROHY4AM,CBQDHNBF…C6QUK,stable,"{""u32"":5},{""u128"":""1500""}",2025-02-03 13:55:17,
CD5N56WHTHT3XOB6BQBEK3OQFJUC3T5XGLIAZOP6GTBXZ6CLTEQKFY5Q,CBQDHNBF…C6QUK,constant,"{""u32"":30}",2025-02-05 06:43:01,
CBDSM7QDGYEK3DRM22DH6HG5CSKSCKKOVBJR64UT3GSHOOK6VYZMSLYG,CBQDHNBF…C6QUK,constant,"{""u32"":10}",2025-02-09 01:50:11,
CB7VREC2IIH3JWQI2W5HL76TZLVQYTK2MW5M26UGRO6AFP4V5XMIGF2P,CBQDHNBF…C6QUK,constant,"{""u32"":100}",2025-02-14 16:34:29,
CC3EWBMN2RZVWZT2UPL6PRU5LU5IH4NM2QVV5IY5Z4FQSDAZF6DWTRB7,CBQDHNBF…C6QUK,constant,"{""u32"":30}",2025-02-16 02:12:38,
CC5E5HX5K5ERF6KIKGXCT3UPNBKI63YHHQRBB4C4CKEUWL4FA22VOJ7L,CA7RQDMM…RUOJQ,constant,"{""u32"":10}",2025-02-20 11:50:31,
CCDLVANSRYQ4IVO3A43UJAPKIWU2324D54NKGHCWWVCVCX2CNX2K4TAR,CBQDHNBF…C6QUK,constant,"{""u32"":100}",2025-02-24 20:21:56,
CASUGCN324QMLAPWG5IUSXCFD3GZSREDEH54VJCP5MOBOEXDKWSYR2TS,CBQDHNBF…C6QUK,constant,"{""u32"":100}",2025-02-25 23:36:46,
CCGYZEVHBYZVUD2C2VPREQRIBBV7Q46CKIP375VZTWQU7553Z3X5YH73,CBQDHNBF…C6QUK,constant,"{""u32"":30}",2025-02-28 13:59:46,
CBUI26GBSGZ6UK7OA5KEXYVZFBGYK5YNRXU2OTFZA4HPGGN44K3LXPXE,CBQDHNBF…C6QUK,constant,"{""u32"":30}",2025-02-28 23:23:13,
CCPQAGAPB6J4WSO4A3SBRROTMYPS4YNBRSNHVNLV4GBPSBL7IOBIQL4Y,CBQDHNBF…C6QUK,stable,"{""u32"":25},{""u128"":""1500""}",2025-03-04 01:37:16,
CD5TL5DHDYBUZKQDCUZNO4RV5SQMOG75O5APJZNYOZJJQVHS3ANKDSGQ,CBQDHNBF…C6QUK,constant,"{""u32"":30}",2025-03-09 05:37:50,
CCSNQECGJQ7O6HZJ7IUALVIEMS7F4XUC6XPJVGEEUH2V6SCXG34M4BEI,CBQDHNBF…C6QUK,constant,"{""u32"":100}",2025-03-09 14:02:50,
CBD5B2VXYEQUVQSANUEECOTHUUA5LWFWNE4XCF3O5S7IC6HG57K4M7W5,CBQDHNBF…C6QUK,constant,"{""u32"":10}",2025-03-12 14:48:48,
CANOS4CG7YMDIREDAQIIB2ASVDRTIEPZ36HRIXXC5CDZE45XE4OG4ST6,CBQDHNBF…C6QUK,constant,"{""u32"":100}",2025-03-12 17:30:52,
CDTWZY36RYRZZLTG4AYQ2WMUWQMGSZEH2TKMXBDPW2E7FMNXCU7N3G3K,CBQDHNBF…C6QUK,constant,"{""u32"":100}",2025-03-12 22:17:23,
CBLPZUFE6WJ7FNOTZINEWFDFKHGDSQZOLVCYLGTAX4JC6OABNRWAFTI5,CBQDHNBF…C6QUK,constant,"{""u32"":30}",2025-03-13 07:47:09,
CCX2TYR4AQTPPMTZOIMP3YIBHAYLLSTXVP47PAGTL753PCQFSKV32MIA,CBQDHNBF…C6QUK,constant,"{""u32"":30}",2025-03-13 07:48:01,
CCRVANX7N2A4EZIDFOWI5SJA3B37SZ4XGZFLNIP73GN4Y5WZWZ7KI3BJ,CBQDHNBF…C6QUK,constant,"{""u32"":30}",2025-03-14 00:36:15,
CAJA6SK462MAOIB4ZC7WSCJDOKOV64NXZHEVFHILX7PLWVN6X2QJN5WW,CBQDHNBF…C6QUK,constant,"{""u32"":100}",2025-03-17 18:00:16,
CBLJSRDUEOST4R6NN6CDT3VCTT5MKHLEFR4I2PQYCZKYDJDCF3TYZZ7B,CBQDHNBF…C6QUK,constant,"{""u32"":30}",2025-03-18 17:18:45,
CDD5SQ7AQ755HGVNK4SOL5EWZ6PNPCZ7HR2XSF6WU2KDX6ZGTYAS3IKE,CA7RQDMM…RUOJQ,constant,"{""u32"":30}",2025-03-19 10:11:09,
CBSSJUU3QMZDSUYHL6K7Q5446LYWPTXRWJZFM2HBTATM4AUU5VNHA3RK,CA7RQDMM…RUOJQ,constant,"{""u32"":30}",2025-03-20 10:37:52,
CCZ2ZX4VSPGP3VAECUVTIMUORYZCOI7OL2E7CT2YKPWOI6CVUFPLFV7Z,CBQDHNBF…C6QUK,constant,"{""u32"":100}",2025-03-20 17:08:32,
CBEJQ2XDYBIPHTKF6E3RZ54UDV3AOM6LFS7NPS4LOSHWDGX2AJOYVU3B,CA7RQDMM…RUOJQ,constant,"{""u32"":30}",2025-03-25 12:07:22,
CDKL2UY5KYE7EOQJTQH4YCV5SPEIVSXWCTW5DIPLB2CVS33L7UIMYH3N,CBQDHNBF…C6QUK,constant,"{""u32"":10}",2025-03-25 23:52:40,
CCZ7COTQVZGHNPYCCZBGAQS3DZXNP665HCVT2EO4HWCDQGP3SP3Z6YA3,CA7RQDMM…RUOJQ,constant,"{""u32"":30}",2025-03-27 09:52:11,
CBW3BURM3T75RJH2RHULQMTBOLPD42WW6DGB2CWEVT6ZHBAFNGWNRGWC,CA7RQDMM…RUOJQ,constant,"{""u32"":30}",2025-03-27 10:06:02,
CALRUZQCHYNLXCXWBANOZGITWLYMDK7FPT44EDVHUTRWBQ67YU4N2Q7C,CA7RQDMM…RUOJQ,constant,"{""u32"":30}",2025-03-31 12:19:54,
CDRQCKVRPFNXUKXKS6TUFSEPFLP4TT5DP72M7YNHPHH2SVFWUQHVIJ6Z,CBQDHNBF…C6QUK,constant,"{""u32"":30}",2025-04-01 22:12:33,
CAIOFLKJ3DQGZR2C2OF2QA46ILIUT6ELTQIVO6GSQRTKUVL5B2EWMA4N,CBQDHNBF…C6QUK,stable,"{""u32"":10},{""u128"":""1500""}",2025-04-02 01:40:48,
CCEBV2EC6Z6TE2632XXTEBD6KA2U57LRIEDGV2SU77BOF2HKKB4HDIM2,CBQDHNBF…C6QUK,constant,"{""u32"":10}",2025-04-02 01:45:17,
CCHNAJ3OFBBWTAOI22DAR5ZDXUZ55DUSMCANMEJIHX7JBA67EZUI7FRV,CA7RQDMM…RUOJQ,constant,"{""u32"":30}",2025-04-03 08:55:34,
CA6GS7YVJ3FF4LYCAZKNFF2MD473DFE4KOOKSXAKYHFMIZZON5HKYGCN,CA7RQDMM…RUOJQ,constant,"{""u32"":30}",2025-04-07 12:58:45,
CDPF7GMA3OLVUBLEVKNKXKEFSS3EQAXN75RHT7DR4SYIHFS5LH5JOTD7,CBQDHNBF…C6QUK,constant,"{""u32"":30}",2025-04-08 19:31:53,
CAADCGQTOUUW3K3ZAKCNLTADVCI77VBPTSLWCIK5RB3BXVTAP57UWOTC,CBQDHNBF…C6QUK,constant,"{""u32"":10}",2025-04-12 09:35:03,
CBL2RMHUTL6NHEITTW634NUE2LUMQ7W54KNY52QTXUXJBLFBMFCF2NVF,CBQDHNBF…C6QUK,constant,"{""u32"":30}",2025-04-12 09:36:13,
CA4EA5ARJZUSDDU2A6VHOEMFUYQOZQABIT7BCBS63BC64WDLB5GFT3RW,CBQDHNBF…C6QUK,constant,"{""u32"":10}",2025-04-12 17:34:23,
CCTSL4PIN4DSIIY2R5JX5GSZWFIPWWKKTGIYM4IZ6UBU5RSJTUPRTWAO,CBQDHNBF…C6QUK,constant,"{""u32"":10}",2025-04-13 01:32:07,
CBPAHOIHE55EUKTQGSY23WEHXLIEBKYU6JUCH76WQ67T3WMTDEUBCX6U,CA7RQDMM…RUOJQ,constant,"{""u32"":30}",2025-04-14 12:19:45,
CAIJMR4AGDGHIDI44MCCVWTZECXSCUFVVF67RV5KMPTC4PQLYKTFFYUT,CA7RQDMM…RUOJQ,constant,"{""u32"":30}",2025-04-16 14:39:04,
CDMGXLUASLRCSMIFYTLNKGASA3DAU4UA6GWAJQ7WQIFL3HND3WXU6ZYU,CBQDHNBF…C6QUK,stable,"{""u32"":10},{""u128"":""1500""}",2025-04-16 21:12:47,
CCC2KUPDPTIBWB3GBTMJB6IKBNJKWT3WUDYXEWVDX2KB4WLSRL2WGNU3,CA7RQDMM…RUOJQ,constant,"{""u32"":30}",2025-04-17 09:19:48,
CBC7VX5EKQJBYAMIWYFRQQG2K2GUYULXHO2Y665YHPFZLWEPXBNI6LR7,CA7RQDMM…RUOJQ,constant,"{""u32"":30}",2025-04-17 11:14:37,
CD3LLRLBD53BPVKZCRCXGQ5Y2QVVAY7TLCZPLAT6KTWT6SD5SKETRJVU,CBQDHNBF…C6QUK,constant,"{""u32"":10}",2025-04-18 06:33:00,
CBTGLCDJ2DFOZF7C73ITBACMNX2MFCT3ETJALUSYFACKQBTKIOLXXUQK,CBQDHNBF…C6QUK,constant,"{""u32"":10}",2025-04-18 13:56:10,
CBPDULTUWWPFOOJAVJIIZIZH5PRSIEPWHYDW23RM72SSINADWYO6DJE5,CBQDHNBF…C6QUK,constant,"{""u32"":10}",2025-04-19 22:54:10,
CBYMDNTENBCYE5EYO642ZBTRJ2D5SPY3PAJO5P5BTYYWUVOY5N37A2OE,CBQDHNBF…C6QUK,constant,"{""u32"":30}",2025-04-19 23:18:48,
CCPR2Q3F2TPOVKPKTAHGLMMWPL5RBNBYDWGGUNBYP7KV7W245IAJXRI7,CBQDHNBF…C6QUK,constant,"{""u32"":30}",2025-04-21 00:59:00,
CBTQN4N3DSAGPE32BUVXBU4WBCXSW25L3NIICUW5BXNG2FSQIJ7EMQDX,CBQDHNBF…C6QUK,constant,"{""u32"":30}",2025-04-21 03:32:04,
CCAJLP7LGRS4QUBPDI3JDY66IQLDBKWJW6Q5OTI7C74N3OJSOIYEJCDB,CBQDHNBF…C6QUK,constant,"{""u32"":10}",2025-04-26 14:38:51,
CBTUGNROCSTKKK2HUI3Y5Q4PNLCOXQGBT23S62FA6CMDZHJWY6F7KY6R,CBQDHNBF…C6QUK,stable,"{""u32"":10},{""u128"":""1500""}",2025-04-29 18:26:43,
CDSIQQSOHGILXJMV3OBTUCIMI7XQBVGNKWM5PVVC7ZGWYUWYABKLGXVO,CBQDHNBF…C6QUK,constant,"{""u32"":10}",2025-05-01 03:20:06,
CAKJT3HBDPOVJW6F5KJO56QXGWEZ3FHGUDBHBRQACWTBFQGWR4QXZWSN,CBQDHNBF…C6QUK,constant,"{""u32"":10}",2025-05-01 03:29:39,
CATP23X4FIYDOSPTGJVVI7RTINYQUA32UGG5CORAXDGUMJCHQFFCERN6,CBQDHNBF…C6QUK,constant,"{""u32"":100}",2025-05-08 23:08:15,
CB6IBY244DYNEWMG4P5TVXR44CXL5QAGLH3QIJTQCT4MSDXKC3LKRMC5,CBQDHNBF…C6QUK,constant,"{""u32"":100}",2025-05-13 22:40:28,
CBC5SYJYQRPBP7CV5LEPZKOZWAJWMOICO4BUFAGM7S2DU5YCSMKLTDA5,CBQDHNBF…C6QUK,constant,"{""u32"":30}",2025-05-14 04:05:59,
CCGC7E3J5UB4JZ35VMDTGM4GPVNOI4XU7UCQMI4E3I2DP5L2MAZ6JZT4,CBQDHNBF…C6QUK,constant,"{""u32"":30}",2025-05-15 19:49:38,
CAOSZ5OCJYWPUOGFAFNU7RCNWLMFGVKFOOI3SLKICNQCP6URLW7QGOCO,CBQDHNBF…C6QUK,constant,"{""u32"":10}",2025-05-17 02:23:11,
CBUAQYC3JPFSDMNIOS3IA7VJG4XMB3ZSHLLDJJIQHAOQDLWM2KPOHRAR,CBQDHNBF…C6QUK,constant,"{""u32"":30}",2025-05-18 05:24:20,
CDZJXJN3E7BGKAEAVTX2OZXW7QXIKTAK3UNU3R5MAFVBUHT3IRIKAYB2,CA7RQDMM…RUOJQ,constant,"{""u32"":10}",2025-05-20 10:52:13,
CB37QM6EHVBDDNK7MAVQESV7WPLKV6G36TR7MHAOYWPZXLPQUWSDOK4E,CBQDHNBF…C6QUK,constant,"{""u32"":30}",2025-05-22 13:34:49,
CCVKDKAIHBPLWONBSS5DRFFZLP7WWAHK43PAA6XVTGHF5I3OMGVSBCDP,CBQDHNBF…C6QUK,constant,"{""u32"":30}",2025-05-24 17:44:53,
CDJ3J3MSQIJLMZDBMXNH5MKGOFCL2TTLFSSU5SFI3PYYJDFHWEH7EB5E,CBQDHNBF…C6QUK,constant,"{""u32"":10}",2025-05-26 19:41:49,
CAYHCKBYLGW4A5EE5ANDRDRKMO5UGPU3CZJMDLCKDC3PIRF6D6EVVHPN,CBQDHNBF…C6QUK,constant,"{""u32"":30}",2025-05-27 14:21:24,
CDQVZWIT4ODRWWA5K2YWIFX7Z5KA76ASJP6UJLLAPM6DWLKU6RT6THHL,CBQDHNBF…C6QUK,constant,"{""u32"":10}",2025-06-01 13:22:29,
CBKENQ33KITYE4JKPAWALHU4KGWV5AXQLJFUNRNIDGCRLRDENX6PYVDE,CBQDHNBF…C6QUK,stable,"{""u32"":22},{""u128"":""1500""}",2025-06-07 06:42:09,
CASL4PYESGRCUJVCSS33DX52JBSRWSZJEADCMPNL5CK4UWJJ5WQPAUMP,CBQDHNBF…C6QUK,stable,"{""u32"":50},{""u128"":""1500""}",2025-06-08 16:26:46,
CAC3AUH3A3ZCABCOPDCXVJXSIL57WHAPGUPTKAOMSNFLAVE7CPPGNGZB,CBQDHNBF…C6QUK,constant,"{""u32"":30}",2025-06-11 08:15:10,
CB7NBRNRMSZW576ABOBGCZCPC6RB6FCFNJTABLVI7FRTIBWFE3MKPBEK,CBQDHNBF…C6QUK,constant,"{""u32"":30}",2025-06-13 17:30:45,
CBG2QNHFV3DJTKHGABZ3ZRCDWXE6JB2FXTNVXPSOGZUDHTTH3TQ7CGRM,CBQDHNBF…C6QUK,stable,"{""u32"":10},{""u128"":""1500""}",2025-06-14 06:58:47,
CAGVJTI6LQNGHH56RZY7BHQ2S2PGPCO4HVVTJLJLRUZLCBEU76W7FXOY,CA7RQDMM…RUOJQ,constant,"{""u32"":100}",2025-06-16 11:42:31,
CC2QQVENM4W4C6DW4WZGMZSW4WI6ZWFISHRWVXMTWPIAHMB77IOIP77C,CBQDHNBF…C6QUK,stable,"{""u32"":10},{""u128"":""1500""}",2025-06-19 19:09:11,
CBMOKFM4SNJ2DAUZ4M5MJSP76M2A6A5V5CTIIJLM7TTPBRTRTLTATZ7O,CBQDHNBF…C6QUK,constant,"{""u32"":30}",2025-06-28 06:19:20,
CAFA2BRSNIN6MVKY736R3237W6PFSBQMWOJ5HDTCF3Z4YCCCYLV2N46R,CBQDHNBF…C6QUK,constant,"{""u32"":30}",2025-06-29 00:59:38,
CD47PNGQZFFQ3KMQJXLMK6MBX36WEIR6OIFRCCXRTXJE5HOA2GWL7L6G,CBQDHNBF…C6QUK,constant,"{""u32"":30}",2025-06-29 17:47:34,
CDCT6W2XW64ZCIUEMRG46CJVE734SZDL6WDEH2QQOABBNU2XUSCTQEMR,CBQDHNBF…C6QUK,constant,"{""u32"":10}",2025-06-30 22:04:33,
CANI4O7DWL52SXP6T2NF5OCQ5A5LSV7WV5BVZPYFTAGSPAB4TTEOBLBN,CBQDHNBF…C6QUK,constant,"{""u32"":100}",2025-07-09 04:03:50,
CBCIH74PZSVS4B75DI62X75LG7ZGM6WGAORBMNNJ2OZGPURE5SNI2SEB,CBQDHNBF…C6QUK,constant,"{""u32"":100}",2025-07-14 12:24:54,
CARCLMAPEV4GYZ3TTFJDQHSNC7PH4G22UIMMER6BZW5H2TYZWWMW7FOS,CBQDHNBF…C6QUK,constant,"{""u32"":30}",2025-07-16 16:31:03,
CAECPXK6XOZT2TPEZ52C2VJOMOTSMYY475SFICTWXHDN74UXJDKMVKXD,CA7RQDMM…RUOJQ,constant,"{""u32"":100}",2025-07-22 12:44:22,
CADN2Y2HDRGBRSZKY4GVRT2XD34QVYIMNVLSNQKSYS3T4RUX7LBIDIYE,CBQDHNBF…C6QUK,constant,"{""u32"":30}",2025-07-24 15:11:38,
CD3KLMNUKIFGB544YA4WM4MZYZ52TQR6EOH6DBX7PTSENIVL5GR24YJS,CBQDHNBF…C6QUK,constant,"{""u32"":30}",2025-07-24 15:12:06,
CATTIXSGLPAJQAWTNRRE2QZGT2NQKFVJWBMNFPFCDHVONXWAAQTS7T5O,CBQDHNBF…C6QUK,constant,"{""u32"":30}",2025-07-24 15:12:40,
CA262ONRV6P2IZPFVCTQNIU5XZIPZE4RLZNSOVJUNFUWDQR6MBNKS3IB,CBQDHNBF…C6QUK,stable,"{""u32"":10},{""u128"":""1500""}",2025-07-29 07:14:31,
CCI5UGNCHE5PBINLZKSFFCMBUVJYWYDPKDZS54JD6TGJBA7MCG3YXNT5,CBQDHNBF…C6QUK,stable,"{""u32"":10},{""u128"":""1500""}",2025-07-29 07:19:46,
CDCSXULBM55C5ZRP6L4E2T3NA4ALGVXNN73Y6HJXTHHCDAKUMIHGPELO,CA7RQDMM…RUOJQ,stable,"{""u32"":10},{""u128"":""1500""}",2025-07-29 10:25:25,
CD34VG5WGCNZNR7K5B4JUZY4UDBCEIJP6QOWQ7YH7CVE7QSJASOLOJ7N,CBQDHNBF…C6QUK,constant,"{""u32"":30}",2025-08-02 13:09:14,
CCV2HMOJS43357J7ZZ7XNTEUK4XH6OZTDUPZPECDI5URTMRT6Q6NJC4F,CBQDHNBF…C6QUK,constant,"{""u32"":10}",2025-08-03 14:48:24,
CBNC2YK4GJVKHXLREPHWEP36INL5PGZ2S2QOCCYFNMNOTDX3UDA3QAX5,CBQDHNBF…C6QUK,constant,"{""u32"":100}",2025-08-06 16:46:18,
CCMGGRYXB4W6UJEIUDYSWXICG6VQGVGNRFUU5MLUJAKXGVMMSSZCURB4,CBQDHNBF…C6QUK,constant,"{""u32"":10}",2025-08-09 15:42:52,
CB5PXRKQKWOHJ4P3MDCNHZA2N2MJQKZ2EU2C3NE5WOK6QQH6OLLFECNI,CBQDHNBF…C6QUK,constant,"{""u32"":10}",2025-08-09 15:50:53,
CDRUMPLWTENJEENBHQL3HWWZ3C3X53RF5VHI7N34A7GYVOGVGS7A7YDJ,CBQDHNBF…C6QUK,constant,"{""u32"":10}",2025-08-09 15:56:08,
CAOBPWLHSERILJTLOH4APQU3AXUGQBOKLWDEM64A4AZG6XFSZHBEREDW,CBQDHNBF…C6QUK,constant,"{""u32"":30}",2025-08-12 09:44:00,
CCKGQSQG5JLZBMYMB4HT6M4H7FUC3NK5C75MIHN6627LRAY5B2SYL2AD,CBQDHNBF…C6QUK,constant,"{""u32"":10}",2025-08-15 18:13:28,
CBN2N5L4UM5PPQE5UQNC3HVGT56TDQMAXMT3LVFMNN6XLFXZMCJY6KOU,CBQDHNBF…C6QUK,constant,"{""u32"":10}",2025-08-16 05:29:38,
CAEWYN6FTXOY2H7HZRE3N5WX2SQNYHC4AW5FUOXDAQLFHKP2YOPQXYGS,CA7RQDMM…RUOJQ,constant,"{""u32"":10}",2025-08-22 08:19:19,
CA2RSELLORUEXHWP6QRLT5SQM4UEHWZULQILUWFRLRFQQSPPLUHE2KWC,CA7RQDMM…RUOJQ,constant,"{""u32"":10}",2025-08-22 08:26:52,
CA5DL7ZFP55STN35ONADCOUULUKKXP27IKTGJRAL6Q52KSIB5FX3HYQA,CA7RQDMM…RUOJQ,stable,"{""u32"":10},{""u128"":""1500""}",2025-08-22 08:29:09,
CAUP5HVO6YI5UY26ARUCZ6L27AQVSLHRRLLCNIBQUSPHEU5Q4CRK3JLA,CA7RQDMM…RUOJQ,constant,"{""u32"":30}",2025-08-25 09:45:03,
CDE75ZVRXSNUEDUY24AV32I42GM33L4GFAXHQSE245W72BTZJLJHVG2H,CA7RQDMM…RUOJQ,constant,"{""u32"":30}",2025-08-25 13:57:51,
CB6R77BOKO24UOQNZSB4UOMAJ4M2I5T6LKEDXS4TQZLJXD6MNA5WMOWB,CBQDHNBF…C6QUK,constant,"{""u32"":30}",2025-08-26 07:36:12,
CAZERARL4EWIJYX2GRCJF32LG3S2QPL4CMPIGHNZHFAMMNXEARAY5RPP,CBQDHNBF…C6QUK,constant,"{""u32"":10}",2025-08-30 00:12:22,
CDGAYA7ZEK6E6SZ6RN3S5ITD5X2NU4N2X7PTR5SFXAEDTI2PGBZX3UMU,CA7RQDMM…RUOJQ,constant,"{""u32"":10}",2025-09-02 06:52:24,
CB64A6FEWKK4YRWRBNWJDZ4EZ6RI74FB3MZWNECXIBL4IYC2USMF2ELV,CA7RQDMM…RUOJQ,stable,"{""u32"":11},{""u128"":""1500""}",2025-09-02 08:44:33,
CCJTQJLFA3NADXNBR4BIDV5NMFACOMUES4CO2UUOXQGMOP4S6RFL5CAJ,CA7RQDMM…RUOJQ,constant,"{""u32"":10}",2025-09-04 08:00:00,
CACIDXIZXZHD2KM27ETPAFHL4N4RB7MNQ6RHKLNACNFTQOMNZK3FE7ED,CA7RQDMM…RUOJQ,stable,"{""u32"":10},{""u128"":""1500""}",2025-09-04 09:58:54,
CCLVDZIBCMB2PXKOMRG6IEBD2UMSBEVRPWTRWUIBIZGGKYVQFQ6FRYTB,CBQDHNBF…C6QUK,constant,"{""u32"":10}",2025-09-05 01:42:51,
CCYNRWTZBINZZ3CZ6FYAUKRGTRVZGCIB33CIGJHV7MFPWPNK56NTAXEW,CA7RQDMM…RUOJQ,stable,"{""u32"":25},{""u128"":""1500""}",2025-09-05 06:33:21,
CBDRLPPJBF2LQNGEEGRBHNLFL5QCMKLKP5BUCQVX3HKRTXODHTXEQRZ6,CBQDHNBF…C6QUK,constant,"{""u32"":100}",2025-09-07 15:42:46,
CAFHLHGZXOVNCGFJ7DOXL7JDNMBCEZKDI3LS5NRQH3GXC7CSIMQZHUSM,CBQDHNBF…C6QUK,constant,"{""u32"":10}",2025-09-09 17:22:02,
CCPJLNXL6YBVNPKTH6ZOXBWB35GTKADVN4WQJJWLBGWORZ2EBK6VOTRL,CBQDHNBF…C6QUK,constant,"{""u32"":10}",2025-09-20 01:40:00,
CAJXBOGWSRFT7Q7ZKHVTPWGODOBBSPYQVKN2WSMN2WFMPAXX2CETEBAZ,CBQDHNBF…C6QUK,constant,"{""u32"":30}",2025-09-20 10:01:02,
CC7DVVEUOQDASEXFVZZJYP5BUS2S3CYBQOSFO7USFYLUZDVCFFZ3QUMA,CBQDHNBF…C6QUK,constant,"{""u32"":30}",2025-09-20 11:16:50,
CB6E2TJAPMALVDDAJ4IM3MLRSXDO73YEH636SRZXYWLVMZSCA4THDMYI,CBQDHNBF…C6QUK,constant,"{""u32"":30}",2025-09-20 11:21:42,
CANUOUCL366FPFUY6VXYMV4BELMOHQNDO5W5IPC6URUQICZGGFDBTYMI,CBQDHNBF…C6QUK,constant,"{""u32"":30}",2025-09-21 00:18:35,
CDA5MPSMEEXEZ4AHQULAY2V3VFO4M4JWC2C2MMCHSQUMK5DP6NSLAVHO,CBQDHNBF…C6QUK,constant,"{""u32"":30}",2025-09-21 10:07:33,
CD2UBY4DOGL3FETXUNMSSEGKQAL35ABFG6WMO4P24GK2SH3GULFRCKFA,CBQDHNBF…C6QUK,constant,"{""u32"":30}",2025-09-22 09:05:02,
CAQXW3WZKODG7DXFDFQ2VRY4EVTBBJLJ4PEQW7DBSZHXEJC7542HIRQH,CBQDHNBF…C6QUK,stable,"{""u32"":10},{""u128"":""1500""}",2025-09-22 17:56:21,
CDMH535JSD224YXPET3B4SJOLXTQQ24GRSCWACGYBKSH2DKFJYWI7SUW,CBQDHNBF…C6QUK,stable,"{""u32"":10},{""u128"":""1500""}",2025-09-23 16:22:47,
CA4IY6G3V6JXS4YENHOFLTU2IHWST5ZFG4XGIDGDS6IXUORTQIY33EAZ,CBQDHNBF…C6QUK,constant,"{""u32"":10}",2025-09-26 14:05:02,
CDFNPMDIWKCTVCDP2K75RI5J4FIKLTSZBWBNLS4BQVT6AS67MRD5GV2V,CBQDHNBF…C6QUK,constant,"{""u32"":30}",2025-10-01 08:11:54,
CCD3P3RNXORFN64OH46ES6EADO7NUDWXUXWCBU42NN7V4SUPXPFJWED2,CBQDHNBF…C6QUK,constant,"{""u32"":30}",2025-10-02 08:23:17,
CDTDURXP62KOZNS7VUZGY4Q37JGJRKC4CMCT6RUNQVZDEBJQZOQAMFOY,CBQDHNBF…C6QUK,constant,"{""u32"":30}",2025-10-02 08:28:10,
CBHA22UACTWKPR7CPNFXYVX57QXQVOEPTWKBSWFQAPN7HB5GEBKRJB63,CBQDHNBF…C6QUK,constant,"{""u32"":30}",2025-10-19 10:35:20,
CA7JPXK5XK4DMGPTDUP4MA6YWYGRX7SWR6AJ2RLMDKUB6Q5RBNFJFSJP,CBQDHNBF…C6QUK,stable,"{""u32"":30},{""u128"":""1500""}",2025-10-20 04:36:35,
CA76YPZXQFP6JGJNXYQI4SJRDH5ERCYF5AG7OYXNUTC2IBZLZOAOK3CL,CBQDHNBF…C6QUK,constant,"{""u32"":30}",2025-10-27 18:04:31,
CA6OBAWHRFU3O6VTJONDYCS2XUQ4OVLG2WBDS3K2CETT2ERRDQ26RJ7S,CBQDHNBF…C6QUK,constant,"{""u32"":10}",2025-10-30 14:49:24,
CBGSR4FCHGM5WXDIY6YD4T6SSS26HHGIJCXGVIQ2PFSO7EPLMKBZE3KW,CBQDHNBF…C6QUK,stable,"{""u32"":10},{""u128"":""1500""}",2025-10-31 17:54:11,
CDAQRXMA4N2Q4DYGCLMCINE72SDLE2LAW7OSIZANM76NHHG5DZF7W5K6,CBQDHNBF…C6QUK,constant,"{""u32"":30}",2025-11-08 14:06:48,
CDNMOZVRXKZ2JCVTDTGXZRWH5EVGXBIR7NDUNMAME4ZYFRIU7DPBXLDF,CBQDHNBF…C6QUK,constant,"{""u32"":30}",2025-11-08 14:07:49,
CARBT6Z25NNE7PD24BFXXXMSRYZUGFA5RHI23PMSIXBUVJZQLS56HJLP,CBQDHNBF…C6QUK,constant,"{""u32"":30}",2025-11-08 14:09:05,
CDM54I2UGJBIDCAHITKTUV2PKBLAA4G25AIZNNOW24UTHAAV5NSXNXDF,CBQDHNBF…C6QUK,constant,"{""u32"":30}",2025-11-08 14:12:26,
CDI54BFBGPZOAX4JARDQIHKRQ6U73SAUPLQB26KUB2J7JCBK2HDCDYSB,CBQDHNBF…C6QUK,constant,"{""u32"":30}",2025-11-13 16:55:07,
CA242XKXANKC46P53M355OPYWMHWPPTKQM5T5DNMOBWJMHOWDLNPJTN4,CBQDHNBF…C6QUK,constant,"{""u32"":10}",2025-11-15 11:35:49,
CCQNVBS5ETNAINQQEACPEP2ECG3ORA27VG2CXOSYV5P5EDM4JNER6X3N,CBQDHNBF…C6QUK,constant,"{""u32"":10}",2025-11-17 10:43:23,
CCEQJEUOYHFPY423PQC56UFQK4EK5JEB6A3I2MEZ25QGR5F3P4DCGN62,CBQDHNBF…C6QUK,constant,"{""u32"":10}",2025-11-17 20:59:01,
CBKAMBR25ONQLTJO7NYMJUMAHRJOUR5NQZGQQ7R5UZALTBPPYWDRVIZ5,CBQDHNBF…C6QUK,stable,"{""u32"":25},{""u128"":""1500""}",2025-11-19 20:14:29,
CDRPQKQ7Q6IL75FVVHYKKDGWEDBRSTIPLWMECFBCNUG22VSXXZ6ZL42L,CBQDHNBF…C6QUK,constant,"{""u32"":30}",2025-11-25 15:52:41,
CDD2VFQCJFZNPNQ6YH7A4PWKA2QODQ5XQ4EO3K2D7AOYQRTHNZZWZPFR,CBQDHNBF…C6QUK,constant,"{""u32"":10}",2025-11-25 19:21:32,
CBTJFBRZDAG6SJFJHPUIGCCC3F2KKCXC3G3H2BTG6B7GBOPTPSI4ES3O,CBQDHNBF…C6QUK,constant,"{""u32"":30}",2025-11-26 16:11:04,
CCPMQFGSSMTBLHO4SLDPRHWAHSWDQICXQPW5WM54KDPB7IRWEWLZJUQY,CBQDHNBF…C6QUK,stable,"{""u32"":10},{""u128"":""1500""}",2025-11-28 08:58:15,
CD2O2B6PWKXDVFXMHXHQMF25C4TWOSQAENA7DNFR5G27F5CHJ7AJP5F6,CBQDHNBF…C6QUK,constant,"{""u32"":10}",2025-11-28 17:08:43,
CCNXGPE4AQCSNEBZO3XJDKKDI3CRLYMVS6UWBBTVDLALLWMJEXBORQ2A,CBQDHNBF…C6QUK,stable,"{""u32"":10},{""u128"":""1500""}",2025-11-28 17:10:37,
CCIWM6V5NPVMQBTDD2DWVTFLJHV2IB7I3V6KLNDFFFCZEHEPC6FKNCXB,CBQDHNBF…C6QUK,constant,"{""u32"":30}",2025-12-10 11:59:04,
CDCZJS33SL6ATRYZOSGHTEKJMGRNAQKMV6LL36JUKKEPX3TAKUJL2LL4,CBQDHNBF…C6QUK,constant,"{""u32"":30}",2025-12-10 12:54:26,
CBXCELPGAJPHC4XXYBOYLWNLH2IZBUNNXCR4IIBNJXL6BSVTHSLAOJYP,CBQDHNBF…C6QUK,constant,"{""u32"":10}",2025-12-13 12:27:14,
CAM7NWR7INGYXWJHAJXFPW2BDLORKDXAAUBUTYE7IYUQ53HIHJ7MRHVM,CBQDHNBF…C6QUK,constant,"{""u32"":10}",2025-12-15 20:39:29,
CCLGEOD6PIQQNYFIU4PQXNGM4455HHBD4MGINN46M2KTIVOWOWDTITCQ,CBQDHNBF…C6QUK,constant,"{""u32"":10}",2025-12-21 17:11:37,
CCJ3XJR5VODGJHH6BQHRUVOA3FWMQRQOPLUZNKLSKFKYELZF767P2DOR,CBQDHNBF…C6QUK,constant,"{""u32"":10}",2025-12-22 10:20:43,
CCPVNWJPBIKEYSVDF4DT6P2PK5RQDTC6JULZYRTUX3RDS4S5MS5KKSOG,CBQDHNBF…C6QUK,constant,"{""u32"":100}",2025-12-26 13:23:33,
CAP57XRSVYQ76M7LBDDNL6EKZNVMSWLWQIOXDD2XWF7ZAQAOZEWROCVX,CBQDHNBF…C6QUK,constant,"{""u32"":30}",2026-01-01 21:19:16,
CC3JS5VIMZWQENG5OC3OFLMMMC7JTDHXA45M7IEPJY4ULQDAI7DA2IFP,CBQDHNBF…C6QUK,constant,"{""u32"":100}",2026-01-05 17:26:00,
CDGODCYOS5SBQMHAPEFNDVIR4ZOHHVACAWXYUZRLW4DJ3KFPQQ2TVEB6,CBQDHNBF…C6QUK,constant,"{""u32"":10}",2026-01-13 02:56:37,
CBWTGYOY2V372AWSG7EAG6Z4R47L7OPYDJ7Y5TDYQDHXA5EJBRNKSE6C,CBQDHNBF…C6QUK,constant,"{""u32"":30}",2026-01-14 13:17:13,
CA27UTMXHLQPISZUBIDCSYLAVCCMDD2F2PQBPVTVZBYRTEHLSWLTYYU3,CBQDHNBF…C6QUK,stable,"{""u32"":50},{""u128"":""1500""}",2026-01-15 13:41:38,
CDVJJCKX2KZ2SIVXRVXJZOPOGYF6J7GXY3F2IHYR4UW66DDCRJYAQCAH,CBQDHNBF…C6QUK,constant,"{""u32"":10}",2026-01-18 05:36:30,
CBV5CUMDI6KI2D5BY4C4ROG5RJKEBOKATTYPWSRXIZE2WJHA7XEFALXL,CBQDHNBF…C6QUK,stable,"{""u32"":10},{""u128"":""1500""}",2026-01-18 06:14:00,
CCXKWPUUM5VKSHHBGYOLZHIEU5DAXINQNJ4Q4IOTBYEEWUTA5S6A3S6A,CBQDHNBF…C6QUK,constant,"{""u32"":30}",2026-01-18 06:42:04,
CBGCTBE3YMCUXRYIEV7F2ULJYKKYFTQJXU7P5G4IMMVJN7APRY2QH7Z6,CBQDHNBF…C6QUK,constant,"{""u32"":10}",2026-01-18 16:31:27,
CAMIMH7AIHOT7EUBXNM2QAX6E7LGDJN63D4DTOH6YRRWI62NDYJVPJ2F,CBQDHNBF…C6QUK,constant,"{""u32"":30}",2026-01-24 23:53:33,
CD2ZV2IM4AF25ZJJYLPSFVKMBXGTJF5ZEH7KV3Y5SI5SVTLYLS7G24GK,CBQDHNBF…C6QUK,stable,"{""u32"":10},{""u128"":""1500""}",2026-02-03 03:10:21,
CD3LZHEYSGPK63A76ZXQCEYXBQZBAV3X4YOKT6S4JL3KBVB4B2JP5U2L,CBQDHNBF…C6QUK,constant,"{""u32"":30}",2026-02-04 04:21:20,
CBRGXAYNKSFRM7RBIYRCVMTNMAMBJ6XZO3XHR7XAQPUWV2KMF5YNS7FL,CBQDHNBF…C6QUK,constant,"{""u32"":30}",2026-02-05 13:37:34,
CADFWSBBD6VMCL45DEPZ37X3JNXOZXIWEVJJTHMQH3UEB3JSQVJSPG2I,CBQDHNBF…C6QUK,constant,"{""u32"":10}",2026-02-08 14:45:09,
CAMXZXXBD7DFBLYLHUW24U4MY37X7SU5XXT5ZVVUBXRXWLAIM7INI7G2,CBQDHNBF…C6QUK,stable,"{""u32"":5},{""u128"":""1500""}",2026-02-14 09:09:38,
CAMPG46IY3FCD3QEXOFAX4ZGF435HM42L3EOR32PZGNQUZL4OJBGPQCL,CBQDHNBF…C6QUK,constant,"{""u32"":30}",2026-02-21 15:12:52,
CDTBY6MZUQADODPZWRF2TO5RSWOJHZGYJFF4IKSXZUPTGBCQIGI5IVUR,CBQDHNBF…C6QUK,constant,"{""u32"":10}",2026-02-21 15:17:39,
CAAO3AET65WOCC447CWCLAXGL7GHUMOWPT7R6AQB3HHHMDSMBES7XPYX,CBQDHNBF…C6QUK,constant,"{""u32"":10}",2026-02-25 23:12:08,
CBQXETIPKAZ7E3DSYVTPQBQ3VEAYL3OKFONKVYG3B65ATG35HFGHOZUN,CBQDHNBF…C6QUK,constant,"{""u32"":10}",2026-02-26 02:08:08,
CCRXHM2CC5TL6O6M6BDBRJXKS7P4WCU45T6O2AQ6LRTSZ5WSCQWJH7M2,CBQDHNBF…C6QUK,constant,"{""u32"":10}",2026-02-26 13:34:25,
CATBKAYNYV6NWGBMUWL2Q47HWLZGLAINAJCE36G55C4F272O5S5GLV7X,CBQDHNBF…C6QUK,constant,"{""u32"":10}",2026-02-26 13:38:36,
CCGV4T4AJ7BHBHEHVZVIECDW6CO2UQRNMGKLV4SFKFQ6Q2EP7E6OXRER,CBQDHNBF…C6QUK,constant,"{""u32"":10}",2026-02-26 13:42:12,
CBSJUAXXREFNOENLYRURJILAVLFQVCNU6KO4DHPLJQRFIUJZ5FWZ7HS7,CBQDHNBF…C6QUK,constant,"{""u32"":10}",2026-02-26 13:53:14,
CDW2RFU4WFZMVR5XRDE2TRJF7ZCRJG6A6TZQCWTRB473XJSD6G4BK4EK,CBQDHNBF…C6QUK,constant,"{""u32"":10}",2026-02-26 13:59:54,
CAIXIOWEREZF2RN25FDIBUSDB3HTKL4DTIXKDKYWW43RYRRHWJ54DKRR,CBQDHNBF…C6QUK,constant,"{""u32"":10}",2026-02-26 14:09:54,
CD26X7VAM7GGAHYBIZ2DPSNS7TETJPWQEKN5JAWUEBSYMDOUBWRZSJNZ,CBQDHNBF…C6QUK,constant,"{""u32"":10}",2026-02-26 15:04:06,
CA3XYBIUSAX22POJFDFIGTYLNZUGFER6U6Z3PDJ5BO2Z2A2HZEG2X2XU,CBQDHNBF…C6QUK,constant,"{""u32"":10}",2026-02-26 20:10:26,
CACK3FAHXCB7QAJAXBPZ5SE4CN5KCW33AS5UUTRM2TGO2V4O4X4FZ4E6,CBQDHNBF…C6QUK,stable,"{""u32"":10},{""u128"":""6750""}",2026-02-26 20:42:34,
CCXQACY5KY7JWVK46ZNWPZSFRYOIRJKYRVEWPOF5QTSLJHLJ5B63EV3J,CBQDHNBF…C6QUK,constant,"{""u32"":10}",2026-02-27 16:06:32,
CCS6CMLXD7NBD5L54FGDENKBBSAR3TQSTNZAQVT5JOVV6S7JH3EGXDCG,CBQDHNBF…C6QUK,constant,"{""u32"":10}",2026-02-27 16:17:04,
CDVFMC5KCANFIG2KTNJMFYEAXX22TXU32QCINAAFAXMHDGB3Z2AYNCIE,CBQDHNBF…C6QUK,constant,"{""u32"":10}",2026-02-27 16:25:51,
CBEE5LVXTORYRWW36FIWHOQLJ2E4ZH4IWXYZ7S7LNWU6QPMLDXWM4FDP,CBQDHNBF…C6QUK,constant,"{""u32"":10}",2026-02-27 16:30:07,
CDZYAFNTTKR5V6ZWYUBHSYTYNEMOQZJPJ4VRTWFEMEZO3CPLS62HWRY4,CBQDHNBF…C6QUK,constant,"{""u32"":10}",2026-02-27 20:43:44,
CCC53HEWFLYA4KBYAFHUEJREIZP4SXFJKMB353WFLKOKENNMEVNGUNEZ,CBQDHNBF…C6QUK,constant,"{""u32"":10}",2026-02-27 21:08:14,
CCOOTK5GR3ZTISUEYXU5WANZB335SPOABC5CWIB46YM4FVTFKHKMK7EI,CBQDHNBF…C6QUK,constant,"{""u32"":10}",2026-02-27 21:16:41,
CCZOFUG2QO46RIVGOSCCY7MMDWGT2NQELJICSHLSNWKSZLQI7B2DPMTB,CBQDHNBF…C6QUK,constant,"{""u32"":10}",2026-02-27 23:02:53,
CCOA2AX7JPWRSE5LMJVRXSWLAT3ZFZC6HM2TQ5ZC476K44KYKHNKNEJE,CBQDHNBF…C6QUK,constant,"{""u32"":10}",2026-02-27 23:09:52,
CBT37VUKG4MNN5OG62VEWJHPZK3UM2KMFOKGNMASQUDTX6367KFM2YOI,CBQDHNBF…C6QUK,constant,"{""u32"":10}",2026-02-27 23:18:36,
CCFDZQB5SDHZMEKNSEMTU7G6NY25TRXMUYYLLJ7WYU75YVIC4237VD75,CBQDHNBF…C6QUK,constant,"{""u32"":10}",2026-02-28 00:08:32,
CAJQTUYNDTG5RKOEF4LKX3ZXRNBSZOQEGUYLWLJXXRP7KL6FN5BGUKDH,CBQDHNBF…C6QUK,constant,"{""u32"":10}",2026-02-28 00:51:17,
CC6HJVNKAZPLC55W6CYFMQJGDYRDAWEZV23IWTULCBWNSTKY7KK47BSQ,CBQDHNBF…C6QUK,constant,"{""u32"":10}",2026-02-28 05:13:41,
CC3GYD7YAQHE5JDEQ2AGRZDRGZ4G3STGGQCUVZYHL5ZJUKHYHYVBEMWY,CBQDHNBF…C6QUK,constant,"{""u32"":10}",2026-02-28 06:26:08,
CARZ47CFSYB3DL2OQQAR4KMCS2UNWN23DKXPUGOA6AVPX62M466ZTYSX,CBQDHNBF…C6QUK,constant,"{""u32"":10}",2026-02-28 06:34:24,
CA3TOMCU534RM7KBWTUJCLUALIQDNLZ6OFOCCQOPE4LNCURBIXKBPQQ2,CBQDHNBF…C6QUK,constant,"{""u32"":10}",2026-02-28 18:18:20,
CCL7U7D3CLBFMNNJZB3ZZ4P7FCKETBXM3NTIR73SVIWLUVBKZQNUPD2D,CBQDHNBF…C6QUK,constant,"{""u32"":10}",2026-02-28 18:27:48,
CBP6AYV4ZGRSAF6DEWSFIRZRJEQMXO6IWB2MXODWO6XS5UKFMACKGL2M,CBQDHNBF…C6QUK,constant,"{""u32"":10}",2026-02-28 18:34:03,
CCDPYFKYHWNXCO2RH6PCZF7JU27MNMNS4ETUHERW5VQOMKVL6QXZFSN3,CBQDHNBF…C6QUK,constant,"{""u32"":10}",2026-02-28 18:43:51,
CCXCWYGV6U3FGTTMUH5J6OWWBOK2V3WSQDLBFUWMOCRXXJZS4WUJQSMM,CBQDHNBF…C6QUK,constant,"{""u32"":10}",2026-02-28 18:52:54,
CC2BIHZZZ5T3MXDTSN4BM6USTL32GCPS3REN2U4XS4ZAQGMJC325EHX2,CBQDHNBF…C6QUK,constant,"{""u32"":10}",2026-02-28 19:37:11,
CBDJFETM563453SR2KAW7DUENNRWCJOOGBFQKWEDRIBJXZ6ZHSSIVTZD,CBQDHNBF…C6QUK,constant,"{""u32"":10}",2026-02-28 19:43:14,
CBIUKNYPFT2XNOEM4Z4UY7HNXM3KYOOJ47SFZWD2PBXD3M24L3BFQS7T,CBQDHNBF…C6QUK,constant,"{""u32"":10}",2026-02-28 19:47:55,
CASIKIG4K4TXL767EKCKNDSWPWFRVDMYXAU25PEBKAY3JMGKKLQ26AT5,CBQDHNBF…C6QUK,constant,"{""u32"":10}",2026-02-28 19:51:45,
CATTJU74FVZ3KYRWJSDKODAX7GENKBODCWNPG4VR6MWUOFWWMS7R3L54,CBQDHNBF…C6QUK,constant,"{""u32"":10}",2026-02-28 19:55:43,
CDLCMKIM56QM4WP5JNOB7ZGFTF2OLZ6G3MKREWF6BJ7SBIWWYHYOVGHT,CBQDHNBF…C6QUK,constant,"{""u32"":10}",2026-02-28 20:13:13,
CBGRTO7NN6NJDH6JIHNCDUKJCLT5PFATGECDBMUW4U2IZTTIRCALQ5NG,CBQDHNBF…C6QUK,constant,"{""u32"":10}",2026-02-28 20:20:32,
CDBQ2IPAC26MQWZR3D2IA647IKGS6CMKQJFIVVOQBQYZ32JQXHNKWI57,CBQDHNBF…C6QUK,constant,"{""u32"":10}",2026-02-28 20:27:21,
CCSUZC2PKN5RQC4O6CFZQOIVKRGUTVXHV7MV7XHWR5VBNKC7SCS6JMOJ,CBQDHNBF…C6QUK,constant,"{""u32"":10}",2026-02-28 20:35:22,
CBMSBM6EABGBNZ47WZTLX6WJOB3ETO2GNPQYC2FX6LJXUL7TRQFZ3IA3,CBQDHNBF…C6QUK,constant,"{""u32"":10}",2026-02-28 20:42:25,
CD3QVDHNWWERLSR7RLFGSDORFMG4IGOVGG5EQD7RKPZO675CIRUYAZCM,CBQDHNBF…C6QUK,constant,"{""u32"":10}",2026-02-28 21:33:00,
CBPPA6CMGLINISOAT6PVL5RNC5AGUWKN6U7O6QFCNQVI47ZNQVLCTWDW,CBQDHNBF…C6QUK,constant,"{""u32"":10}",2026-02-28 21:40:06,
CB335M27XHH4S3XKFBH4IHBKQRB5AITZ76P3BULRTAVI2RRBJA3UBGRW,CBQDHNBF…C6QUK,constant,"{""u32"":10}",2026-02-28 21:50:02,
CCQ5ZALBEXY63GBJ5X2J46VT7JUXQZGA3P4RIFUIDRVUWT3QLNGVQGKG,CBQDHNBF…C6QUK,constant,"{""u32"":10}",2026-02-28 21:59:29,
CACX5646BHTJ3CMNDPDTQURAP5REOCUIICJWWQ26DVO3YYYG2UCKKWVY,CBQDHNBF…C6QUK,constant,"{""u32"":10}",2026-03-01 15:39:26,
CBR7Y5SNUIEBWN464BOA6RBVLQHZYEK7R5WYOP7G7M5EDPUVP27UEAJS,CBQDHNBF…C6QUK,constant,"{""u32"":10}",2026-03-02 01:15:12,
CBRGSLZ267SYS2QMQMEKX3I6X5NCFPE5H7O6MOHAJYRNOWNOB5QSNAFV,CBQDHNBF…C6QUK,constant,"{""u32"":10}",2026-03-02 01:24:20,
CCEBH67CQ5HCQIZMLD6T3OJF3HL5WVM2L74Y3T2LPNWSJRSTH3LVUIET,CBQDHNBF…C6QUK,constant,"{""u32"":10}",2026-03-02 01:34:31,
CDNPUXW3QRTKTYA3R2ETPYPX2D3WYJGY2SLOGXTGH7DV2NMVEXFPVIUJ,CBQDHNBF…C6QUK,constant,"{""u32"":10}",2026-03-02 03:25:52,
CCDV4DJ5NCQ7R6KNCFXWLFPZWY55AWL3GLSA6JEMMUDBHQZTZTF5XCUR,CBQDHNBF…C6QUK,constant,"{""u32"":10}",2026-03-02 03:40:51,
CBSGMHDTW5QO2FJMGGJSXMS72GPVSWKWXBIXJRPFWLXSCJ4PA46GGM5S,CBQDHNBF…C6QUK,constant,"{""u32"":10}",2026-03-02 04:01:26,
CDCBYI6IHUWQCYSH5NTFMEPGBTQZEK3KLGRT44GAOOMSRCRDDLFSESVR,CBQDHNBF…C6QUK,constant,"{""u32"":10}",2026-03-02 04:11:02,
CARFAMXG2B7ZGKLPO6NWLYXL5XTCMY4BIHE3BWUAZDSX2YQQEAGG6SCK,CBQDHNBF…C6QUK,constant,"{""u32"":10}",2026-03-02 04:28:44,
CD5T5DVALG45HGQSO3ZDVY25PB3QL37N6JUDOYCXK5CE3AWILW2V7HWO,CBQDHNBF…C6QUK,constant,"{""u32"":10}",2026-03-02 04:57:47,
CA4Z7AMKNYGTPSBU77GLXVARRT6DKGSYPGXY2YZWNGPQ7KQGLLSN7ZXJ,CBQDHNBF…C6QUK,constant,"{""u32"":10}",2026-03-02 23:46:58,
CC6LQAOLO5CJOQG6364QISO7CWJEPSW5B7XRQGQER2KY7WWMA6SMZDYW,CBQDHNBF…C6QUK,constant,"{""u32"":10}",2026-03-02 23:50:35,
CDTSSTLKVVPWJZXVCGJJNGWKH5MY7OMINVXTB7DGFMDJTCCDBCSRG52O,CBQDHNBF…C6QUK,constant,"{""u32"":10}",2026-03-04 20:28:08,
CCINLSVEOXXFDSRF2DISYDCRYXS7UPWEDR6ZUARHJFLFVWWRDOV3EHAY,CBQDHNBF…C6QUK,constant,"{""u32"":10}",2026-03-04 20:38:51,
CC5CUWNMRMUSRLNPQQM3J3SLHJ4IO6EEKKXA7ULSLQKHNXW5PGPK4N3I,CBQDHNBF…C6QUK,constant,"{""u32"":10}",2026-03-06 15:53:49,
CB4KKFCWV25BO3RQQHFJLSGAOBHBLCH3GLPBIOB35D7P3YP4CDHZPVH3,CBQDHNBF…C6QUK,constant,"{""u32"":10}",2026-03-08 19:55:42,
CCB67QNROV4EX7BFNB366HQCBE7Q4ND254HNAOWREEP3WQEL56ALUUBN,CBQDHNBF…C6QUK,constant,"{""u32"":10}",2026-03-09 21:13:31,
CDIFITC5BKGIIXDKNTDS7OFSGCZ7CJQA36JAPVN2LXJTYXCJWNDGS35O,CBQDHNBF…C6QUK,constant,"{""u32"":10}",2026-03-09 22:58:46,
CB6Y3QNAKAI27VAPFYHVKNTHSQWDAN23D6OIDIH2C5YBDPSOWVPDMNPU,CBQDHNBF…C6QUK,constant,"{""u32"":10}",2026-03-09 23:05:40,
CAVLQ2RJXM5SWA4FWRNJAKPT5B3YV3OXFOBEZC3TT6KW5SDE2NEZ6STE,CBQDHNBF…C6QUK,constant,"{""u32"":10}",2026-03-09 23:16:56,
CCKQO6BVE3SR34RTKAODYDCYLN7IJMKXN7D6ANGYRAOLSVVCGH4CMAOT,CBQDHNBF…C6QUK,constant,"{""u32"":10}",2026-03-10 00:38:58,
CAKJXFOVLECSNMDGEGOILWCZJZVDM2MKJFJBITKAABMGN57I3QQPS35M,CBQDHNBF…C6QUK,constant,"{""u32"":10}",2026-03-10 03:24:18,
CB7ELLI7AIJJWNIQA6OYHWXD7SMXUH4GVC5BNHHFSQLTCBGXXOG4ARVW,CBQDHNBF…C6QUK,constant,"{""u32"":10}",2026-03-10 03:32:43,
CDNC5M6TNUBGA72XN4GKT3AIIDEMXN7D4QZQ3PC7U444SIM5ZSPMEQL3,CBQDHNBF…C6QUK,constant,"{""u32"":10}",2026-03-10 22:23:37,
CBVCCH2E47NKTFOQFA2KKPPOMVQPMTP4FIWYJ5WFLW2G3XHE7AS2XX6S,CBQDHNBF…C6QUK,constant,"{""u32"":10}",2026-03-10 22:25:52,
CBIYPMQIQINY4FI4RXUZJ2HVNBRTE4GYQGEATKMERTJJVEMIB5QWAO6X,CBQDHNBF…C6QUK,constant,"{""u32"":10}",2026-03-12 18:53:34,
CCCVPSORZY5N7CU2IENGXDQ5EG4HAX7YLIAMZ4IU2RNVRQSJO5LDB62W,CBQDHNBF…C6QUK,constant,"{""u32"":100}",2026-03-13 02:27:08,
CDJPROL4CVOGTIJ4VBJST67D6SJDPUICASDQFBYD3DB74AR3SE3MAR4V,CBQDHNBF…C6QUK,constant,"{""u32"":10}",2026-03-13 04:05:05,
CA22XCXSINOJTOQGKTLTEUXNKE7Z4IEBO5XNHPX7MRAEPOD3OAJMHY5R,CBQDHNBF…C6QUK,constant,"{""u32"":30}",2026-03-13 16:17:07,
CAHAKWU2DHJL3GMQCDWAY35B5HEBQM2WILVK5C5BI2EBQSAWOCSDYAFH,CBQDHNBF…C6QUK,constant,"{""u32"":10}",2026-03-14 14:45:52,
CCAE4V4CUOGRMISNDQFZECSRZZ5WR4MIOXU3LS5TWGHXKU2XQ25AORDY,CBQDHNBF…C6QUK,constant,"{""u32"":10}",2026-03-14 23:26:46,
CCTDN7QPRBJEWIK36KRT23PJTTP54VB55TJ3ZICQ4GH6GLOOADMWPGPR,CBQDHNBF…C6QUK,constant,"{""u32"":10}",2026-03-14 23:38:31,
CBTR6DGWFTEH4PU45IY6HNRI3QKZQEMG6AWUN5WZ4KISPBOWGILFH6M2,CBQDHNBF…C6QUK,constant,"{""u32"":10}",2026-03-15 01:07:20,
CD5HRIJ7CR55VJZGXEI37DG4VYXQQ6YWYICZZHQIOUREVFQBVDVHMKGJ,CBQDHNBF…C6QUK,constant,"{""u32"":10}",2026-03-15 08:00:04,
CBVKW4FIXHMN2GVVEUNUS776GXSR767ADANKWMB5FK5HS5MCGYMOKAR4,CBQDHNBF…C6QUK,constant,"{""u32"":10}",2026-03-15 08:28:34,
CAHVZ7BDMO4QPQ7KWG4XDA4UJKSZYMRBUQCPV5C3GT7IRWE3DNXECQZX,CBQDHNBF…C6QUK,constant,"{""u32"":10}",2026-03-16 04:19:32,
CDTTGVKXMYPZOVZVWPVBQZJ34L4UBWMKWCT6VXAILOR2JH7JEJZIFNDW,CBQDHNBF…C6QUK,constant,"{""u32"":100}",2026-03-16 23:54:16,
CDBIYK7BL4OQJ6OAWIFI2WQX75GM5V4EHYTBNLS5I6JYLTGAR6ZHOSHD,CBQDHNBF…C6QUK,constant,"{""u32"":10}",2026-03-17 20:22:29,
CCMAKYCJGPWFYCVJXBXC5QLA5QPM3LSZOGG2O7QCQE5KAIPUEJIVVOA2,CBQDHNBF…C6QUK,constant,"{""u32"":10}",2026-03-18 00:19:02,
CAZ43KEJHOG4F5ARGNMS6UGMU5UCTHC6BNBEJ4UXN5ZR5M6BPQVTTJKK,CBQDHNBF…C6QUK,constant,"{""u32"":10}",2026-03-18 01:09:55,
CD6A62JGCAX3Y375VJFQCPI3LFA3Z3DM4A6NQRJVE5UGKOGVNR74QUML,CBQDHNBF…C6QUK,constant,"{""u32"":10}",2026-03-18 01:15:59,
CDVJBTSEA2AQSZKCI24NM27HX6OT57YNZDC4SQVQX7IT2AYWNWGSR4R5,CBQDHNBF…C6QUK,constant,"{""u32"":10}",2026-03-18 01:54:08,
CCBAK2F36ARUZ36WUGFI6NU5LQAYO67IN3I5QTB2V42DI42YYRIKWXEK,CBQDHNBF…C6QUK,constant,"{""u32"":100}",2026-03-20 18:40:45,
CCZCKFDGQ36M4SWE6AMNZPSNJ7G4DHCLB5LKN3ONM622AWUFXQTXVQH4,CBQDHNBF…C6QUK,constant,"{""u32"":30}",2026-03-25 08:43:55,
CAOG4YU55SMFTHP2XUZULHV37SLPKQGWY6BOJP5A7UEKL2VIM4T3Z62G,CBQDHNBF…C6QUK,constant,"{""u32"":30}",2026-03-25 08:46:19,
CDK4YEK25CA6T43K6NBKJCRZH2QEHTTTCDVI6QRMEBD5B5OJ66CUQ26J,CBQDHNBF…C6QUK,constant,"{""u32"":10}",2026-04-01 20:55:25,
CDCDQUQH2Y2CYUBPCM4ZE6SV4XSUKT3QZV7DGT3VIABCSBITVQIMVPSJ,CBQDHNBF…C6QUK,constant,"{""u32"":10}",2026-04-01 21:22:44,
CCAX4TWIUM4P3K7ITHW5BSLRXC6NOBXLHSWBDY3NE7F6QA2QMSLUG7GS,CBQDHNBF…C6QUK,constant,"{""u32"":30}",2026-04-04 14:16:21,
CAYZAMECTKHMNCK2CZYRJZIK4NG4W46FU5TKFBM5OZ5YTEQAWMUGTRHK,CBQDHNBF…C6QUK,constant,"{""u32"":10}",2026-04-05 03:57:43,
CAOSHLX34QI7ZGKHJJRQH7N5KRF7WTZNMKLYHS67FK7U76EJ4UGP2U4Y,CBQDHNBF…C6QUK,constant,"{""u32"":30}",2026-04-11 21:30:38,
CCRDMKXCM3F7I4SRA6PAICMFOY3MIR67U5QMZFW2EGHAXYYN2NI7USH4,CBQDHNBF…C6QUK,constant,"{""u32"":10}",2026-04-12 03:35:57,
CAFZJZZ7ITZHUGNHC5YSOS47LR66JS64G7TQW43JN4IMDG5KZC4VA3DW,CBQDHNBF…C6QUK,constant,"{""u32"":10}",2026-04-12 03:55:48,
CC6WOGTWGZERQVJRT45XST76QYGD3YICUWDNYW3K3AD5ONARQQW2N7XP,CBQDHNBF…C6QUK,constant,"{""u32"":10}",2026-04-25 14:07:53,
CCCDPF74BFBIHCBWCA3QX5R2UULH4VSJFOK6KL44KDKJS75ZKJJYUSPH,CBQDHNBF…C6QUK,constant,"{""u32"":10}",2026-04-25 18:52:11,
CBMOEJUOKI72AXRPEQCRYSWDUBMI2LZEYVFJUTB256FO3WYSYSZI5F5A,CBQDHNBF…C6QUK,constant,"{""u32"":10}",2026-04-25 18:54:44,
CBVDERGK2SMEO3PUYIU4RDJIQ4XYEY4OFBAXC7DWFU67JS2V3N2ESSCP,CBQDHNBF…C6QUK,constant,"{""u32"":100}",2026-04-26 13:26:27,
CDS3WIIQZJJHIUPL6BP5K4TP5WD74LU4CKHDIYIHWZHJJRAKPHV42GRE,CBQDHNBF…C6QUK,stable,"{""u32"":10},{""u128"":""1500""}",2026-04-28 09:55:35,
CCV2X5THRWCT7HCGJU42DMOVYLAARVIPEDG2LQOVVA2WGONF2MZY2OX6,CBQDHNBF…C6QUK,concentrated,,2026-04-29 11:50:34,
CA4HTZNY2RBZWEQE5GBMNREZMFRPAZSVJ6OGPC7T3VM7NHRJYFAVID2S,CBQDHNBF…C6QUK,concentrated,,2026-04-29 15:13:11,
CBBMQBNHB2FYVZYV7VNHOJHUMTFJLR4PUMRVQYNW6RHIKZO2NQMIBUCV,CBQDHNBF…C6QUK,concentrated,,2026-04-29 15:38:38,
CDTSE6RLRI7ZO25JSER6E4SQR4PHJJNONEGS5HDJ3Y6LAKECRZKYN5CA,CBQDHNBF…C6QUK,concentrated,,2026-04-29 15:49:17,
CBRUQ7I6C6OGHMDYWD6XQUZFB6KJ3LLPNE34EPKSPFZ2YMBJ2GIWYYZ7,CBQDHNBF…C6QUK,concentrated,,2026-04-29 15:52:44,
CDPL6QRE7T5XXICU2KJEUL366KEZT6ICOVBLSL46MHMC5RSDIBR2PCTO,CBQDHNBF…C6QUK,concentrated,,2026-04-29 21:26:19,
CADMDTCQHSC2GCYPDCYQ7FBYVOXED3E3WGCYJHHT524ZBALM7VYHFS7F,CBQDHNBF…C6QUK,concentrated,,2026-05-01 18:19:26,
CAAJYIESEIKI7KZV67MBSXPCRGKH5WY354WUS55H4UNBD35OSKYPZA7Q,CBQDHNBF…C6QUK,concentrated,,2026-05-03 11:43:09,
CBWWCFZUIYARXP2VFQKB6TGD63IV6PC5GO4AO6PNP3HGZWHT23FTHMGC,CBQDHNBF…C6QUK,concentrated,,2026-05-04 16:58:23,
CCZXH6N6DSJLAMXCYODGD255GTFILMNU4R5AHPE7PED4A4EZEOPYAWL5,CBQDHNBF…C6QUK,concentrated,,2026-05-05 18:17:01,
CBV6LZABOAJRXHLIEKILTWBPC2AXLYVR4CGGPKZQ3PWJ5QFTPIWSWGWQ,CBQDHNBF…C6QUK,concentrated,,2026-05-06 11:30:53,
CAPIOQNULTKVYOJT6X2W2XKGNIVUWZDY72Y42YG6HQKJ7DU7YTHIDQYX,CBQDHNBF…C6QUK,concentrated,,2026-05-11 18:05:55,
CDYLKM3DGH5A6QA6QOIITPKG7C4DTZMS2HF75XURORACBHCR6AOE3K33,CBQDHNBF…C6QUK,constant,"{""u32"":30}",2026-05-13 06:10:44,
CC7IGNJ4CDAKZPOZJCTTWGAVKTQXKYQGUSVJ5CDUPES3QULCQW6UNAH5,CBQDHNBF…C6QUK,concentrated,,2026-05-13 18:07:52,
CCX7MKVYN5LZENM53VJOQT7ZE477RAIE3FIKEP76OHEWGNKC5TSCXUL2,CBQDHNBF…C6QUK,constant,"{""u32"":30}",2026-05-28 12:32:07,
CCPN4NNSQKL3LLPTSPTFKYKXR3FBL37AULE6PTZH3QD24MPHXQCN5O3U,CBQDHNBF…C6QUK,concentrated,,2026-06-06 10:31:55,
CAT65JSA4B3AK7SIUWB5ZONZALAS2HGMFG7EF5GP7BIOKJP6Y4O6J5BF,CBQDHNBF…C6QUK,concentrated,,2026-06-06 12:00:27,
CB665SVTHHKPYX4LUSTYUG5T22WMDETNWWKXRDES3I74NADZG6SIBP5F,CBQDHNBF…C6QUK,concentrated,,2026-06-07 16:22:11,
CCVWACSSUYADCHYEYUCKUQL4YISMLLFFXY56UHCVIYR6D6P77RCRGQY7,CBQDHNBF…C6QUK,concentrated,,2026-06-07 16:44:50,
CDE53ZA37BXC3RA4J4CX2ZRCJ3B4DKXK7VCVK3OMDBBIIBZASTVQQM5L,CBQDHNBF…C6QUK,concentrated,,2026-06-07 17:32:30,
CCC466Y3A5332PRE7NQOKOLJXDHF5CNS2M5MT7I7YIPNKLUO4YETIE3B,CBQDHNBF…C6QUK,concentrated,,2026-06-11 18:13:42,
CAXYSVTPAU6JLPI7V6XJWLFWIYMFIHHFF7D7QCFH2YB2Z4BSI3BCGGH4,CBQDHNBF…C6QUK,constant,"{""u32"":10}",2026-06-22 16:15:52,
CB2I6JGVCWBGXQ4WAJOQQEAKEXXPURL4E2BPEW4NKVTUYYK7VPTDDTMN,CBQDHNBF…C6QUK,stable,"{""u32"":10},{""u128"":""1500""}",2026-07-01 19:52:16,
CD3XIX65YUNZTEWOBPFWTTJE6TXDXLXE5THMW3HYBZXCQU4TWK2DUKWL,CBQDHNBF…C6QUK,constant,"{""u32"":30}",2026-07-01 19:56:49,
CDM3E67MHCLMFXRDJWOIZRRYPKENH7CMARTOQBEZQQZVLQV52RVPMINA,CBQDHNBF…C6QUK,concentrated,,2026-07-03 10:04:37,
CAWR3CM74VNXM5MRIPILDSTW5S4ZNB47DYBEVE6565UC573L7OFZF7FH,CBQDHNBF…C6QUK,concentrated,,2026-07-07 15:07:38,
CCYMZTOJIDZY45XGDBUNRMYUZWBUTNWOAMREAW4JYU7GEKDHLOEOJX25,CBQDHNBF…C6QUK,stable,"{""u32"":10},{""u128"":""1500""}",2026-07-09 18:08:46,
CDBIGH3UEIVPVU7I2PGJV3IFIAN6OIPZ3QW7EDOO6LAHYBWW4MVS75Z2,CBQDHNBF…C6QUK,concentrated,,2026-07-13 23:22:16,
CBMWU3574VFWNBNMNYAAH4OBT7DPB27URDW4BWIV7XAPQG6YYMJW2LSH,CBQDHNBF…C6QUK,constant,"{""u32"":10}",2026-08-10 21:45:53,
CCKQASCNLYGCUYRKDFYHW5SRVUQNRPRX27YAK62CBNLEVSKIXE3CO4LI,CBQDHNBF…C6QUK,concentrated,,2026-08-12 04:13:19,
CDQ4OYM3RPLEWNZFVAJQGEYLSDMPHEZYMHVOQBKI767UWV5XV5ISAJE2,CBQDHNBF…C6QUK,concentrated,,2026-08-25 13:25:00,
CDINXPGR3BJCPBC7IQQIL5AEHAVDZZSIGNCWJ7ORPVBRCL6L5RJ3FDQM,CBQDHNBF…C6QUK,concentrated,,2026-08-25 14:47:36,
CC642QYWXXR2HUZDNJ6KYN5LV5JFPFPT4Q6YNKLZLYEFWZZZ5SJYLA5G,CBQDHNBF…C6QUK,concentrated,,2026-08-26 14:59:32,
CDRRS2SLIP7THFGUZVB4QL2RAM2ZHSDMAD2GL5GEXTKK5AY3DQUX3Y7N,CBQDHNBF…C6QUK,concentrated,,2026-08-30 04:26:39,
CA5H37TMUGNSUS4KP7UV5EB4UMEPZV6MILEEKROP3K47SLA5SV45FCIP,CBQDHNBF…C6QUK,constant,"{""u32"":30}",2026-08-31 09:37:44,
CA4HVQTVHQWDIZSQQQBXYHCA4C5D6V2ZGRHJQIKHVDMBEXCMFH4NYURR,CBQDHNBF…C6QUK,concentrated,,2026-08-31 09:41:54,
CDL5H2BZTIPBPIKJ2NOILZQYZRZE553H3SZX47DDBYEBXSWXIHZLGA2C,CBQDHNBF…C6QUK,concentrated,,2026-09-02 00:16:53,
CCJHUCHZ2DC6MP7LMGQJYSENNTGIFWU4J4TCGFYYDLAC5LTD4YMF6HSQ,CBQDHNBF…C6QUK,concentrated,,2026-09-02 16:09:38,
CD74JDJIRBMCKPI5LV5C4A7L4NIPCLJ3VOVYILFFXF3TSTALPOLY7CHC,CBQDHNBF…C6QUK,concentrated,,2026-09-02 18:47:11,
CB3ZWHICKIYJOSQ7W2GFN2U2CVSGTFBQ6GCDVGQ354BQYJCKX6L22CNH,CBQDHNBF…C6QUK,concentrated,,2026-09-04 15:07:05,
CDQUZBIS7TFV64ZTX22RQV224QPBJZ2BNJB5J67A3KMFY3ONFHVNNS3D,CBQDHNBF…C6QUK,stable,"{""u32"":1},{""u128"":""6750""}",2026-09-05 05:29:28,
CDQ223FWK2XEEYXNNJQS4JCQ5DUCPXKJNNDNRJ3RON5LXH43UO7ECWUY,CBQDHNBF…C6QUK,concentrated,,2026-09-05 17:59:14,
CAJAQRYP5NQKLK6DJNTI4AVH3MXL3GYU7LYKT7JWMMRD7PFNF64RV6BM,CBQDHNBF…C6QUK,stable,"{""u32"":1},{""u128"":""6750""}",2026-09-06 03:10:35,
CDFHPTKLKA7GBLGVWXVUUVGFMXZJCP2ABQXINCC6WTO2KNDFDY4WXQRU,CBQDHNBF…C6QUK,constant,"{""u32"":30}",2026-09-07 07:50:17,
CALCNPWBGQOPFTY3BSAZKAGI3MXEHZZ7VOMSMTX3ISYWBTFNGGFQVK5O,CBQDHNBF…C6QUK,concentrated,,2026-09-07 15:17:09,
