protocol,kind,contract_id,token_a,token_b,first_seen
aquarius,pool,CCY2PXGMKNQHO7WNYXEWX76L2C5BH3JUW3RCATGUYKY7QQTRILBZIFWV,,,2024-07-25 08:19:40.000 UTC
aquarius,pool,CA6GAFOJCW4MGQQBUCQUSA3CLIH25G4SNKB2JHYKZCVWZTNW5VXMSC4O,,,2024-07-25 11:18:02.000 UTC
aquarius,pool,CDUX476HQ4JZBPLLVEVRIVXDRKAGYDNDL7OLBE5DD37JXOUFI2NACXJ5,,,2024-07-25 11:33:16.000 UTC
aquarius,pool,CBP67KMDEOZHRJ5YM7DS4MOVYJH66YCEFCVBDBQVNTI46X37DU6KOZMB,,,2024-07-25 12:16:42.000 UTC
aquarius,pool,CDRRLXLBXYVENKIUCCTFUT5WW6BW43NJMAPEMGU6VIU74LV6526OLS35,,,2024-07-25 12:19:07.000 UTC
aquarius,pool,CCFGZJTHQZGDZP5PK6WMLKHKJ72ACSVMJGCI2NFR7Q6EAVSKWLJB3ZH3,,,2024-07-26 11:09:22.000 UTC
aquarius,pool,CA6PUJLBYKZKUEKLZJMKBZLEKP2OTHANDEOWSFF44FTSYLKQPIICCJBE,,,2024-07-29 22:05:20.000 UTC
aquarius,pool,CCLZQDL5LY2DBPNNFBRKPSROGFGTT7Y7AI2SM6QUI3SUTTKA672X4PDF,,,2024-07-31 23:00:34.000 UTC
aquarius,pool,CDE57N6XTUPBKYYDGQMXX7E7SLNOLFY3JEQB4MULSMR2AKTSAENGX2HC,,,2024-08-05 12:08:19.000 UTC
aquarius,pool,CCF76DJMOL56MGFFKQ4U5BY3RSZC37R2F5F3NIW7MPUOKFRY4LOKN7EQ,,,2024-08-06 03:42:21.000 UTC
aquarius,pool,CDGAAOKSMARPIFB4N54BBAHXPZ7QMESGUUSLZ6QGSFFPFWDH35D72GFH,,,2024-08-06 07:31:34.000 UTC
aquarius,pool,CBFNCIWG4HEMGSAAR4DEVS2DA7JWQYH5SQEZ6SR74HOZCSP3JNCSFZEA,,,2024-08-08 10:12:41.000 UTC
aquarius,pool,CDU5EDRLORSCPHZDAEVHNOT7EMRLWSGHRA3WLCXFGUNVVY22PLEWNBBU,,,2024-08-08 11:46:48.000 UTC
aquarius,pool,CCWURHLMAE7M7KBB6JAEMHGZQVENXMF73VTDBBFPK52Q23JRFUVY4JLS,,,2024-08-21 09:12:42.000 UTC
aquarius,pool,CBHWO677JA72CGF2SPTWISMJP7PQTT7NQBIO6W5YQ62UJBF55IN34F26,,,2024-08-21 09:32:52.000 UTC
aquarius,pool,CB7L2XGIQMJX2VO5BEDY7Y4BF5RNXBGA3N5QUEMYGIFHJOXRHDMF2C5F,,,2024-08-21 09:33:32.000 UTC
aquarius,pool,CAB6MICC2WKRT372U3FRPKGGVB5R3FDJSMWSLPF2UJNJPYMBZ76RQVYE,,,2024-08-23 06:14:11.000 UTC
aquarius,pool,CD4ASKG2XVZRAUXSXPCGUSBIX4JOC2TNA2FDBAPUNJB7RSUG5YGRQRSF,,,2024-08-29 10:16:05.000 UTC
aquarius,pool,CB7FKGSTHP75ORTIZGGMVUTQLEMVTSEOI4QORQPCABJSGTAATDFCE2YV,,,2024-08-31 05:51:09.000 UTC
aquarius,pool,CCSY43EHJAHT3NQDYKAMJXRFBEEH7OXDL3J3VNGO33UUSEXWNN27GBIZ,,,2024-09-14 04:50:09.000 UTC
aquarius,pool,CDPKDMH5WQDVNN3TVOYAJLPQ27HVPPHWKD6C5APMZSRFAJAWZYSEA6PB,,,2024-09-17 07:41:16.000 UTC
aquarius,pool,CCZIETBWABI4H7NONISQZKGI74FPUKNLCOIWQJ2RZIMCYIFOJAS56LTN,,,2024-09-17 07:51:59.000 UTC
aquarius,pool,CCE5SYJ4EJDVN2ZNB5A3DE7UOLLHI2I3J5FOFO6U6BFSXRGMYQ6GOTH7,,,2024-09-24 17:04:32.000 UTC
aquarius,pool,CAQVZKCFWX4HT3C3RUXGR7OETDKRMN433M2QWUXC5X64WE2FKDUFA7GQ,,,2024-09-24 17:09:36.000 UTC
aquarius,pool,CDFVWNLPXHEARNK7RT6Q42TYOE5FC6N2VPXH5GVJ7N6H2PWRKKNPOENC,,,2024-09-30 10:32:04.000 UTC
aquarius,pool,CBUTKQ3Z35FZLUKODPV7MS7NHWA3ED4IJZL5GOBQQQIHQIL4AFGJS45O,,,2024-10-03 12:49:36.000 UTC
aquarius,pool,CBSJVUIJEWSNJ7GCDMRW22VDBDQAG4ESR42ECZGB6X4Y2J6C2UAR6LSY,,,2024-10-04 15:55:05.000 UTC
aquarius,pool,CBPSJKMTP5SELRPOKQECDEEMSMSWJKKIRUXKOOBHVWDTPNR76O4E7BSZ,,,2024-10-06 13:31:10.000 UTC
aquarius,pool,CAC56QNJ2CX456TPC5S4MSOU3DBULG4TGN7AZ2SAYGBLD3GICFMZBIT2,,,2024-10-08 15:52:23.000 UTC
aquarius,pool,CASDAEULZPRO2GFVBOGEWZNNG2JR2JHH4ORBDC7MYOZLBKF4XB7SALYC,,,2024-10-11 06:50:37.000 UTC
aquarius,pool,CDDLTOODRYTIJE4KPS4BIIXWPLVMSIYVG7GE4W7MG2UBQ3QCCET4SUFA,,,2024-10-14 06:09:46.000 UTC
aquarius,pool,CBYHINSSG47ODHUV6ENPZRCGISZE6G3WKZV3OOVFAMFEIRTPR5CLW7QH,,,2024-10-19 18:39:33.000 UTC
aquarius,pool,CCHOYEP6SGO6I6DT23TPSN5MKUE3O7OT7BXON6KZI5CD47PEH7EYX5GW,,,2024-10-28 14:37:07.000 UTC
aquarius,pool,CBA773WXS4IYY6UBRB5UYWUG2AVJCJQFUNY4R6V6LRXGSB22PPI4JUHD,,,2024-11-03 14:59:03.000 UTC
aquarius,pool,CAFELOFDTDFZUCLQ75ZBIQO2JJOLJTSDMGCDPSO2HXAU55VPJHE2IS5K,,,2024-11-03 15:00:02.000 UTC
aquarius,pool,CCMD6523ITIZX7WQEWCGDJE7FHD6AO6VSLWJ6VFLLFFPYENY6CFREMNK,,,2024-11-07 07:26:58.000 UTC
aquarius,pool,CA4AU6O7V5HL5SPDRERKWRUG22KIPVOA3KOHCWZJJUYQ5NFKC7OAUIW6,,,2024-11-11 06:25:07.000 UTC
aquarius,pool,CAQENB7J57NTUWKTPDJ6CRIMI734US7Q2U2VXRWTNMMFSVXDTPWEUJGU,,,2024-11-16 21:34:39.000 UTC
aquarius,pool,CDPBOIGPIMZW7ZUHXHDEIE5FN4GXC5T7HCAHT6NKAIXMNNZWPBHC3W54,,,2024-11-27 19:05:47.000 UTC
aquarius,pool,CBM3E3AV67FLU7AJTEYJCR7VOW63KKTHP4NYMMESXRGP5BIHKMCFZ4C5,,,2024-11-27 19:10:37.000 UTC
aquarius,pool,CBFXFTFLUUIBQGHLMSI762JUD34NHLFZ5AGPLEQ2WJ2CEQANDPZODNVN,,,2024-11-27 19:20:11.000 UTC
aquarius,pool,CAALB3YN5DGHR76IEUERNLVRCHILENPCZ6SSU7YY2F4MY5WTYCKSYTTU,,,2024-12-16 10:39:25.000 UTC
aquarius,pool,CANNGX6237WS6E3VS5UVY6P547D2BTZ5PEX3XS2Y2F4MTB7EHHRJILQR,,,2024-12-16 10:50:57.000 UTC
aquarius,pool,CAWRUZOOSKHS5AKN2PLRTCDLBCT2RPFKYL7DRAI5Q64HFIKUGK5YNZFV,,,2024-12-16 11:20:50.000 UTC
aquarius,pool,CBNLT7K2DUJ6U4HR7RABYQSDZ7AQYQIHBWO7SYCC4XEUOAF6OTOMHPRT,,,2024-12-16 11:22:06.000 UTC
aquarius,pool,CBQRTFL2DNYL3DQDFL4FYGY2RLX4QXIRE3MHRRHB7O5RF3GHPVCZYYBZ,,,2024-12-16 13:06:23.000 UTC
aquarius,pool,CAI3PBFR572FUXEYCZSTJ4HYTL7KF4EYTKHJB7KJSNYTN43BDFPTG4TS,,,2024-12-18 11:11:02.000 UTC
aquarius,pool,CCP3PPN6A5GRAGZTQAXYWSROV4QQMEE3FOR2IXSYYVOXCXPMZRB2QAWZ,,,2024-12-19 02:50:25.000 UTC
aquarius,pool,CD6VHCKSUPGQVQPEQUI6EAEO6Z4PXMFTPHW3UTAOF7W4UF7TH7ZSKZBG,,,2024-12-28 07:34:43.000 UTC
aquarius,pool,CDRAJL4B6PV3U22H4VBM3PGOEDG6AWCDBJHVUMQSL4LHH7RF4JZPTLV3,,,2024-12-30 07:54:34.000 UTC
aquarius,pool,CB4FDVJZEL4KE4ZEY2BSQ5VTOXZDPV34ZT3YO2AMW7PPOTH5ONF2GXHD,,,2025-01-02 12:17:03.000 UTC
aquarius,pool,CC6MJT4233D354EZTYWRTF6X5LS223C3TEUPVEA6G5KVTV5SYSEVP44S,,,2025-01-02 12:17:20.000 UTC
aquarius,pool,CCPHQ3GS6TMBGEOFMXARRRQ35LTAGM3A4OFW7EMRZG2SJFSBD65XZFF6,,,2025-01-02 12:17:38.000 UTC
aquarius,pool,CAF63CNDJBATL376WDN5KUNN32JQKNYC26SQ62OLXYMAWBYE23P6M5WT,,,2025-01-04 15:59:22.000 UTC
aquarius,pool,CDD3OQDUVL3ITL4ZJF27WVSO65PFEQQ5AOHEUPUHC7YNL7VUYM4QRLZ5,,,2025-01-04 16:07:36.000 UTC
aquarius,pool,CAGG5WHOXR72BDDMLIN56Q6NP5SBJQJ73RMOOIL255FNRFWZO55MATSO,,,2025-01-07 08:36:20.000 UTC
aquarius,pool,CB66IZEXJMKBAUJDIQMNGBSQBHXKUDPBIPEINZEOUMOEKC2NKMSFVFZJ,,,2025-01-11 13:57:37.000 UTC
aquarius,pool,CCZC4HGM2BW7TIIS4KBDQEZX67DFZLOL6TZXGUGD6SJZS6IJ5JUAEZZR,,,2025-01-16 04:40:07.000 UTC
aquarius,pool,CAI57H4HYE2TNI2MM4LYAZ24Y3XLSBNWTSNDKNTOYFOBHYNHTMQAXN7W,,,2025-01-16 04:43:29.000 UTC
aquarius,pool,CDOGKTAHIINHYDL3BUYDVKIQDDJI35IBMLOUHC3AZC6FNJFT5ZC7BYDJ,,,2025-01-16 04:48:00.000 UTC
aquarius,pool,CCOZA42SRNHEMT7SBPAX5BG7BJXTTCHJ56FYCQRYB35CP5WUVEXM7B3F,,,2025-01-16 05:08:42.000 UTC
aquarius,pool,CCWNKTTMHZ4VRR3FYQT3G253MHOGRLUEVTO6YPENM7ZN65DGC345LHI6,,,2025-01-16 17:54:14.000 UTC
aquarius,pool,CCJY3VRDZ55SQVD73RO3D6LPT33AMUYAQDDTGN7OHXAEDPQPRZ2PCDJT,,,2025-01-17 16:02:37.000 UTC
aquarius,pool,CAGONMIX4RL2MPHP6INYZJEFIZ4NQLE4BAU22EJBJ7HMN2QC4ZP364ON,,,2025-01-17 19:15:46.000 UTC
aquarius,pool,CBBIRRHJGR3W4YTDBSURB3X7GMA5BN3TO6DZJYKXWNFMXEMPXYQCNYGU,,,2025-01-17 19:16:38.000 UTC
aquarius,pool,CBRNBLCGEYOEXD2JVCT5YEZ4RZY3IPQGYEI2D4MKSG7I62NWYJFZ2JRY,,,2025-01-18 12:34:56.000 UTC
aquarius,pool,CCS2D4NOERLQH7HL23HMMHW37U366VVTQAYHLUGFKLRUWMRIRP7RQ2MF,,,2025-01-18 12:36:07.000 UTC
aquarius,pool,CCON5USQZ2SHOILAGTH6PAQOECE5ZSHKWY4ECHVQUPQH6ZN42J7NTA2N,,,2025-01-20 16:06:02.000 UTC
aquarius,pool,CBSGKBPK6CU2ZZKI4T3GRDWA2WBEQ6ISXI5MWFMAO5IKIYAHOEUODPHN,,,2025-01-20 16:06:47.000 UTC
aquarius,pool,CAQODUH4XNX2NTFVACRMO4UR7MA5RLSZA5ZQTHILQYGYYCFQ3LUATIGM,,,2025-01-20 20:35:15.000 UTC
aquarius,pool,CBRGFMR6QBX7ASUBO534UDGOUB2SDGRL7AAFXFYBQ4DT4RJTWQG55W2T,,,2025-01-21 04:20:59.000 UTC
aquarius,pool,CAUCGDPDPQL4EPMPPFST63VBDVN6H5LMDYM3OTBGJQZTCTM3DE4IWWWB,,,2025-01-21 16:01:35.000 UTC
aquarius,pool,CDKVJYMN34ZIEXSLNFYHVAFF6M6FM5E2U6OHXOTBKH2WLBULXOE53YDP,,,2025-01-21 17:49:56.000 UTC
aquarius,pool,CD65EROVLTDU2DWM4ZUJF4NHK4A46DX2UAOGCV7YDFPCSLFYNH57KGIY,,,2025-01-22 12:42:00.000 UTC
aquarius,pool,CDSVWH3J6C4FJO6C5CE5LF4VFPIV5WLMNQQKSNWJXNKLONXK5PAZ4KAG,,,2025-01-23 07:59:06.000 UTC
aquarius,pool,CBRXOYKXPQI4EEA6KA35TUIYN5OJLNWMTIVDOMNOIL2BG5Y5LEDHUU7V,,,2025-01-23 08:14:03.000 UTC
aquarius,pool,CCQ6SUAEW4REXTXI5ZL7F2UNXTZTQAORQIPCCNWQWT3SGNYWZTTDLFTT,,,2025-01-23 08:20:07.000 UTC
aquarius,pool,CD656U6QQK5VEPB4ASHALPMP3LIM3Y6ZKBEKNLSPIO3FBO6YIDYQCM4R,,,2025-01-23 14:31:04.000 UTC
aquarius,pool,CBW7MXDIGZMY6UZN6T7P6J2AFGOVZQ6ZMF7IPHUAPJBD2S7J735UI2O6,,,2025-01-23 18:16:49.000 UTC
aquarius,pool,CAEG2CDYEDSSZKJS7MWNINVBC4CQZGIJQ36OKSGE3A65VRSBDCFSE544,,,2025-01-23 18:33:24.000 UTC
aquarius,pool,CCMHVBZGY65EIFQZLZFRWMPMM23MWK4P5RFKDFWEPA5NQHENBNWMZETZ,,,2025-01-27 15:52:46.000 UTC
aquarius,pool,CCBB55HJJQNOA56FT37SI3B6EYJ6VMW2RB4BZJZGTEZBT5QUMN3DUGCQ,,,2025-01-28 06:24:03.000 UTC
aquarius,pool,CA2JB3HAM7PWI2WCOW22ZEDKKIGJEWUDIZBGICITRDN2TAJ2QLWVTLXR,,,2025-01-28 06:30:01.000 UTC
aquarius,pool,CCO2HI5HGF6KVMA65DOIN52BWA4P6Z6T6HKO46KGLZXXIUB3KZ3K5W4E,,,2025-01-30 10:15:14.000 UTC
aquarius,pool,CBJG3RM3KFLJQIFCAJMCK57FY3YOQ2ZDKEAZEGAYH6JOCPZONBYJOXFZ,,,2025-01-31 13:57:41.000 UTC
aquarius,pool,CBL7MWLEZ4SU6YC5XL4T3WXKNKNO2UQVDVONOQSW5VVCYFWORROHY4AM,,,2025-02-03 13:55:17.000 UTC
aquarius,pool,CD5N56WHTHT3XOB6BQBEK3OQFJUC3T5XGLIAZOP6GTBXZ6CLTEQKFY5Q,,,2025-02-05 06:43:01.000 UTC
aquarius,pool,CBDSM7QDGYEK3DRM22DH6HG5CSKSCKKOVBJR64UT3GSHOOK6VYZMSLYG,,,2025-02-09 01:50:11.000 UTC
aquarius,pool,CB7VREC2IIH3JWQI2W5HL76TZLVQYTK2MW5M26UGRO6AFP4V5XMIGF2P,,,2025-02-14 16:34:29.000 UTC
aquarius,pool,CC3EWBMN2RZVWZT2UPL6PRU5LU5IH4NM2QVV5IY5Z4FQSDAZF6DWTRB7,,,2025-02-16 02:12:38.000 UTC
aquarius,pool,CC5E5HX5K5ERF6KIKGXCT3UPNBKI63YHHQRBB4C4CKEUWL4FA22VOJ7L,,,2025-02-20 11:50:31.000 UTC
aquarius,pool,CCDLVANSRYQ4IVO3A43UJAPKIWU2324D54NKGHCWWVCVCX2CNX2K4TAR,,,2025-02-24 20:21:56.000 UTC
aquarius,pool,CASUGCN324QMLAPWG5IUSXCFD3GZSREDEH54VJCP5MOBOEXDKWSYR2TS,,,2025-02-25 23:36:46.000 UTC
aquarius,pool,CCGYZEVHBYZVUD2C2VPREQRIBBV7Q46CKIP375VZTWQU7553Z3X5YH73,,,2025-02-28 13:59:46.000 UTC
aquarius,pool,CBUI26GBSGZ6UK7OA5KEXYVZFBGYK5YNRXU2OTFZA4HPGGN44K3LXPXE,,,2025-02-28 23:23:13.000 UTC
aquarius,pool,CCPQAGAPB6J4WSO4A3SBRROTMYPS4YNBRSNHVNLV4GBPSBL7IOBIQL4Y,,,2025-03-04 01:37:16.000 UTC
aquarius,pool,CD5TL5DHDYBUZKQDCUZNO4RV5SQMOG75O5APJZNYOZJJQVHS3ANKDSGQ,,,2025-03-09 05:37:50.000 UTC
aquarius,pool,CCSNQECGJQ7O6HZJ7IUALVIEMS7F4XUC6XPJVGEEUH2V6SCXG34M4BEI,,,2025-03-09 14:02:50.000 UTC
aquarius,pool,CBD5B2VXYEQUVQSANUEECOTHUUA5LWFWNE4XCF3O5S7IC6HG57K4M7W5,,,2025-03-12 14:48:48.000 UTC
aquarius,pool,CANOS4CG7YMDIREDAQIIB2ASVDRTIEPZ36HRIXXC5CDZE45XE4OG4ST6,,,2025-03-12 17:30:52.000 UTC
aquarius,pool,CDTWZY36RYRZZLTG4AYQ2WMUWQMGSZEH2TKMXBDPW2E7FMNXCU7N3G3K,,,2025-03-12 22:17:23.000 UTC
aquarius,pool,CBLPZUFE6WJ7FNOTZINEWFDFKHGDSQZOLVCYLGTAX4JC6OABNRWAFTI5,,,2025-03-13 07:47:09.000 UTC
aquarius,pool,CCX2TYR4AQTPPMTZOIMP3YIBHAYLLSTXVP47PAGTL753PCQFSKV32MIA,,,2025-03-13 07:48:01.000 UTC
aquarius,pool,CCRVANX7N2A4EZIDFOWI5SJA3B37SZ4XGZFLNIP73GN4Y5WZWZ7KI3BJ,,,2025-03-14 00:36:15.000 UTC
aquarius,pool,CAJA6SK462MAOIB4ZC7WSCJDOKOV64NXZHEVFHILX7PLWVN6X2QJN5WW,,,2025-03-17 18:00:16.000 UTC
aquarius,pool,CBLJSRDUEOST4R6NN6CDT3VCTT5MKHLEFR4I2PQYCZKYDJDCF3TYZZ7B,,,2025-03-18 17:18:45.000 UTC
aquarius,pool,CDD5SQ7AQ755HGVNK4SOL5EWZ6PNPCZ7HR2XSF6WU2KDX6ZGTYAS3IKE,,,2025-03-19 10:11:09.000 UTC
aquarius,pool,CBSSJUU3QMZDSUYHL6K7Q5446LYWPTXRWJZFM2HBTATM4AUU5VNHA3RK,,,2025-03-20 10:37:52.000 UTC
aquarius,pool,CCZ2ZX4VSPGP3VAECUVTIMUORYZCOI7OL2E7CT2YKPWOI6CVUFPLFV7Z,,,2025-03-20 17:08:32.000 UTC
aquarius,pool,CBEJQ2XDYBIPHTKF6E3RZ54UDV3AOM6LFS7NPS4LOSHWDGX2AJOYVU3B,,,2025-03-25 12:07:22.000 UTC
aquarius,pool,CDKL2UY5KYE7EOQJTQH4YCV5SPEIVSXWCTW5DIPLB2CVS33L7UIMYH3N,,,2025-03-25 23:52:40.000 UTC
aquarius,pool,CCZ7COTQVZGHNPYCCZBGAQS3DZXNP665HCVT2EO4HWCDQGP3SP3Z6YA3,,,2025-03-27 09:52:11.000 UTC
aquarius,pool,CBW3BURM3T75RJH2RHULQMTBOLPD42WW6DGB2CWEVT6ZHBAFNGWNRGWC,,,2025-03-27 10:06:02.000 UTC
aquarius,pool,CALRUZQCHYNLXCXWBANOZGITWLYMDK7FPT44EDVHUTRWBQ67YU4N2Q7C,,,2025-03-31 12:19:54.000 UTC
aquarius,pool,CDRQCKVRPFNXUKXKS6TUFSEPFLP4TT5DP72M7YNHPHH2SVFWUQHVIJ6Z,,,2025-04-01 22:12:33.000 UTC
aquarius,pool,CAIOFLKJ3DQGZR2C2OF2QA46ILIUT6ELTQIVO6GSQRTKUVL5B2EWMA4N,,,2025-04-02 01:40:48.000 UTC
aquarius,pool,CCEBV2EC6Z6TE2632XXTEBD6KA2U57LRIEDGV2SU77BOF2HKKB4HDIM2,,,2025-04-02 01:45:17.000 UTC
aquarius,pool,CCHNAJ3OFBBWTAOI22DAR5ZDXUZ55DUSMCANMEJIHX7JBA67EZUI7FRV,,,2025-04-03 08:55:34.000 UTC
aquarius,pool,CA6GS7YVJ3FF4LYCAZKNFF2MD473DFE4KOOKSXAKYHFMIZZON5HKYGCN,,,2025-04-07 12:58:45.000 UTC
aquarius,pool,CDPF7GMA3OLVUBLEVKNKXKEFSS3EQAXN75RHT7DR4SYIHFS5LH5JOTD7,,,2025-04-08 19:31:53.000 UTC
aquarius,pool,CAADCGQTOUUW3K3ZAKCNLTADVCI77VBPTSLWCIK5RB3BXVTAP57UWOTC,,,2025-04-12 09:35:03.000 UTC
aquarius,pool,CBL2RMHUTL6NHEITTW634NUE2LUMQ7W54KNY52QTXUXJBLFBMFCF2NVF,,,2025-04-12 09:36:13.000 UTC
aquarius,pool,CA4EA5ARJZUSDDU2A6VHOEMFUYQOZQABIT7BCBS63BC64WDLB5GFT3RW,,,2025-04-12 17:34:23.000 UTC
aquarius,pool,CCTSL4PIN4DSIIY2R5JX5GSZWFIPWWKKTGIYM4IZ6UBU5RSJTUPRTWAO,,,2025-04-13 01:32:07.000 UTC
aquarius,pool,CBPAHOIHE55EUKTQGSY23WEHXLIEBKYU6JUCH76WQ67T3WMTDEUBCX6U,,,2025-04-14 12:19:45.000 UTC
aquarius,pool,CAIJMR4AGDGHIDI44MCCVWTZECXSCUFVVF67RV5KMPTC4PQLYKTFFYUT,,,2025-04-16 14:39:04.000 UTC
aquarius,pool,CDMGXLUASLRCSMIFYTLNKGASA3DAU4UA6GWAJQ7WQIFL3HND3WXU6ZYU,,,2025-04-16 21:12:47.000 UTC
aquarius,pool,CCC2KUPDPTIBWB3GBTMJB6IKBNJKWT3WUDYXEWVDX2KB4WLSRL2WGNU3,,,2025-04-17 09:19:48.000 UTC
aquarius,pool,CBC7VX5EKQJBYAMIWYFRQQG2K2GUYULXHO2Y665YHPFZLWEPXBNI6LR7,,,2025-04-17 11:14:37.000 UTC
aquarius,pool,CD3LLRLBD53BPVKZCRCXGQ5Y2QVVAY7TLCZPLAT6KTWT6SD5SKETRJVU,,,2025-04-18 06:33:00.000 UTC
aquarius,pool,CBTGLCDJ2DFOZF7C73ITBACMNX2MFCT3ETJALUSYFACKQBTKIOLXXUQK,,,2025-04-18 13:56:10.000 UTC
aquarius,pool,CBPDULTUWWPFOOJAVJIIZIZH5PRSIEPWHYDW23RM72SSINADWYO6DJE5,,,2025-04-19 22:54:10.000 UTC
aquarius,pool,CBYMDNTENBCYE5EYO642ZBTRJ2D5SPY3PAJO5P5BTYYWUVOY5N37A2OE,,,2025-04-19 23:18:48.000 UTC
aquarius,pool,CCPR2Q3F2TPOVKPKTAHGLMMWPL5RBNBYDWGGUNBYP7KV7W245IAJXRI7,,,2025-04-21 00:59:00.000 UTC
aquarius,pool,CBTQN4N3DSAGPE32BUVXBU4WBCXSW25L3NIICUW5BXNG2FSQIJ7EMQDX,,,2025-04-21 03:32:04.000 UTC
aquarius,pool,CCAJLP7LGRS4QUBPDI3JDY66IQLDBKWJW6Q5OTI7C74N3OJSOIYEJCDB,,,2025-04-26 14:38:51.000 UTC
aquarius,pool,CBTUGNROCSTKKK2HUI3Y5Q4PNLCOXQGBT23S62FA6CMDZHJWY6F7KY6R,,,2025-04-29 18:26:43.000 UTC
aquarius,pool,CDSIQQSOHGILXJMV3OBTUCIMI7XQBVGNKWM5PVVC7ZGWYUWYABKLGXVO,,,2025-05-01 03:20:06.000 UTC
aquarius,pool,CAKJT3HBDPOVJW6F5KJO56QXGWEZ3FHGUDBHBRQACWTBFQGWR4QXZWSN,,,2025-05-01 03:29:39.000 UTC
aquarius,pool,CATP23X4FIYDOSPTGJVVI7RTINYQUA32UGG5CORAXDGUMJCHQFFCERN6,,,2025-05-08 23:08:15.000 UTC
aquarius,pool,CB6IBY244DYNEWMG4P5TVXR44CXL5QAGLH3QIJTQCT4MSDXKC3LKRMC5,,,2025-05-13 22:40:28.000 UTC
aquarius,pool,CBC5SYJYQRPBP7CV5LEPZKOZWAJWMOICO4BUFAGM7S2DU5YCSMKLTDA5,,,2025-05-14 04:05:59.000 UTC
aquarius,pool,CCGC7E3J5UB4JZ35VMDTGM4GPVNOI4XU7UCQMI4E3I2DP5L2MAZ6JZT4,,,2025-05-15 19:49:38.000 UTC
aquarius,pool,CAOSZ5OCJYWPUOGFAFNU7RCNWLMFGVKFOOI3SLKICNQCP6URLW7QGOCO,,,2025-05-17 02:23:11.000 UTC
aquarius,pool,CBUAQYC3JPFSDMNIOS3IA7VJG4XMB3ZSHLLDJJIQHAOQDLWM2KPOHRAR,,,2025-05-18 05:24:20.000 UTC
aquarius,pool,CDZJXJN3E7BGKAEAVTX2OZXW7QXIKTAK3UNU3R5MAFVBUHT3IRIKAYB2,,,2025-05-20 10:52:13.000 UTC
aquarius,pool,CB37QM6EHVBDDNK7MAVQESV7WPLKV6G36TR7MHAOYWPZXLPQUWSDOK4E,,,2025-05-22 13:34:49.000 UTC
aquarius,pool,CCVKDKAIHBPLWONBSS5DRFFZLP7WWAHK43PAA6XVTGHF5I3OMGVSBCDP,,,2025-05-24 17:44:53.000 UTC
aquarius,pool,CDJ3J3MSQIJLMZDBMXNH5MKGOFCL2TTLFSSU5SFI3PYYJDFHWEH7EB5E,,,2025-05-26 19:41:49.000 UTC
aquarius,pool,CAYHCKBYLGW4A5EE5ANDRDRKMO5UGPU3CZJMDLCKDC3PIRF6D6EVVHPN,,,2025-05-27 14:21:24.000 UTC
aquarius,pool,CDQVZWIT4ODRWWA5K2YWIFX7Z5KA76ASJP6UJLLAPM6DWLKU6RT6THHL,,,2025-06-01 13:22:29.000 UTC
aquarius,pool,CBKENQ33KITYE4JKPAWALHU4KGWV5AXQLJFUNRNIDGCRLRDENX6PYVDE,,,2025-06-07 06:42:09.000 UTC
aquarius,pool,CASL4PYESGRCUJVCSS33DX52JBSRWSZJEADCMPNL5CK4UWJJ5WQPAUMP,,,2025-06-08 16:26:46.000 UTC
aquarius,pool,CAC3AUH3A3ZCABCOPDCXVJXSIL57WHAPGUPTKAOMSNFLAVE7CPPGNGZB,,,2025-06-11 08:15:10.000 UTC
aquarius,pool,CB7NBRNRMSZW576ABOBGCZCPC6RB6FCFNJTABLVI7FRTIBWFE3MKPBEK,,,2025-06-13 17:30:45.000 UTC
aquarius,pool,CBG2QNHFV3DJTKHGABZ3ZRCDWXE6JB2FXTNVXPSOGZUDHTTH3TQ7CGRM,,,2025-06-14 06:58:47.000 UTC
aquarius,pool,CAGVJTI6LQNGHH56RZY7BHQ2S2PGPCO4HVVTJLJLRUZLCBEU76W7FXOY,,,2025-06-16 11:42:31.000 UTC
aquarius,pool,CC2QQVENM4W4C6DW4WZGMZSW4WI6ZWFISHRWVXMTWPIAHMB77IOIP77C,,,2025-06-19 19:09:11.000 UTC
aquarius,pool,CBMOKFM4SNJ2DAUZ4M5MJSP76M2A6A5V5CTIIJLM7TTPBRTRTLTATZ7O,,,2025-06-28 06:19:20.000 UTC
aquarius,pool,CAFA2BRSNIN6MVKY736R3237W6PFSBQMWOJ5HDTCF3Z4YCCCYLV2N46R,,,2025-06-29 00:59:38.000 UTC
aquarius,pool,CD47PNGQZFFQ3KMQJXLMK6MBX36WEIR6OIFRCCXRTXJE5HOA2GWL7L6G,,,2025-06-29 17:47:34.000 UTC
aquarius,pool,CDCT6W2XW64ZCIUEMRG46CJVE734SZDL6WDEH2QQOABBNU2XUSCTQEMR,,,2025-06-30 22:04:33.000 UTC
aquarius,pool,CANI4O7DWL52SXP6T2NF5OCQ5A5LSV7WV5BVZPYFTAGSPAB4TTEOBLBN,,,2025-07-09 04:03:50.000 UTC
aquarius,pool,CBCIH74PZSVS4B75DI62X75LG7ZGM6WGAORBMNNJ2OZGPURE5SNI2SEB,,,2025-07-14 12:24:54.000 UTC
aquarius,pool,CARCLMAPEV4GYZ3TTFJDQHSNC7PH4G22UIMMER6BZW5H2TYZWWMW7FOS,,,2025-07-16 16:31:03.000 UTC
aquarius,pool,CAECPXK6XOZT2TPEZ52C2VJOMOTSMYY475SFICTWXHDN74UXJDKMVKXD,,,2025-07-22 12:44:22.000 UTC
aquarius,pool,CADN2Y2HDRGBRSZKY4GVRT2XD34QVYIMNVLSNQKSYS3T4RUX7LBIDIYE,,,2025-07-24 15:11:38.000 UTC
aquarius,pool,CD3KLMNUKIFGB544YA4WM4MZYZ52TQR6EOH6DBX7PTSENIVL5GR24YJS,,,2025-07-24 15:12:06.000 UTC
aquarius,pool,CATTIXSGLPAJQAWTNRRE2QZGT2NQKFVJWBMNFPFCDHVONXWAAQTS7T5O,,,2025-07-24 15:12:40.000 UTC
aquarius,pool,CA262ONRV6P2IZPFVCTQNIU5XZIPZE4RLZNSOVJUNFUWDQR6MBNKS3IB,,,2025-07-29 07:14:31.000 UTC
aquarius,pool,CCI5UGNCHE5PBINLZKSFFCMBUVJYWYDPKDZS54JD6TGJBA7MCG3YXNT5,,,2025-07-29 07:19:46.000 UTC
aquarius,pool,CDCSXULBM55C5ZRP6L4E2T3NA4ALGVXNN73Y6HJXTHHCDAKUMIHGPELO,,,2025-07-29 10:25:25.000 UTC
aquarius,pool,CD34VG5WGCNZNR7K5B4JUZY4UDBCEIJP6QOWQ7YH7CVE7QSJASOLOJ7N,,,2025-08-02 13:09:14.000 UTC
aquarius,pool,CCV2HMOJS43357J7ZZ7XNTEUK4XH6OZTDUPZPECDI5URTMRT6Q6NJC4F,,,2025-08-03 14:48:24.000 UTC
aquarius,pool,CBNC2YK4GJVKHXLREPHWEP36INL5PGZ2S2QOCCYFNMNOTDX3UDA3QAX5,,,2025-08-06 16:46:18.000 UTC
aquarius,pool,CCMGGRYXB4W6UJEIUDYSWXICG6VQGVGNRFUU5MLUJAKXGVMMSSZCURB4,,,2025-08-09 15:42:52.000 UTC
aquarius,pool,CB5PXRKQKWOHJ4P3MDCNHZA2N2MJQKZ2EU2C3NE5WOK6QQH6OLLFECNI,,,2025-08-09 15:50:53.000 UTC
aquarius,pool,CDRUMPLWTENJEENBHQL3HWWZ3C3X53RF5VHI7N34A7GYVOGVGS7A7YDJ,,,2025-08-09 15:56:08.000 UTC
aquarius,pool,CAOBPWLHSERILJTLOH4APQU3AXUGQBOKLWDEM64A4AZG6XFSZHBEREDW,,,2025-08-12 09:44:00.000 UTC
aquarius,pool,CCKGQSQG5JLZBMYMB4HT6M4H7FUC3NK5C75MIHN6627LRAY5B2SYL2AD,,,2025-08-15 18:13:28.000 UTC
aquarius,pool,CBN2N5L4UM5PPQE5UQNC3HVGT56TDQMAXMT3LVFMNN6XLFXZMCJY6KOU,,,2025-08-16 05:29:38.000 UTC
aquarius,pool,CAEWYN6FTXOY2H7HZRE3N5WX2SQNYHC4AW5FUOXDAQLFHKP2YOPQXYGS,,,2025-08-22 08:19:19.000 UTC
aquarius,pool,CA2RSELLORUEXHWP6QRLT5SQM4UEHWZULQILUWFRLRFQQSPPLUHE2KWC,,,2025-08-22 08:26:52.000 UTC
aquarius,pool,CA5DL7ZFP55STN35ONADCOUULUKKXP27IKTGJRAL6Q52KSIB5FX3HYQA,,,2025-08-22 08:29:09.000 UTC
aquarius,pool,CAUP5HVO6YI5UY26ARUCZ6L27AQVSLHRRLLCNIBQUSPHEU5Q4CRK3JLA,,,2025-08-25 09:45:03.000 UTC
aquarius,pool,CDE75ZVRXSNUEDUY24AV32I42GM33L4GFAXHQSE245W72BTZJLJHVG2H,,,2025-08-25 13:57:51.000 UTC
aquarius,pool,CB6R77BOKO24UOQNZSB4UOMAJ4M2I5T6LKEDXS4TQZLJXD6MNA5WMOWB,,,2025-08-26 07:36:12.000 UTC
aquarius,pool,CAZERARL4EWIJYX2GRCJF32LG3S2QPL4CMPIGHNZHFAMMNXEARAY5RPP,,,2025-08-30 00:12:22.000 UTC
aquarius,pool,CDGAYA7ZEK6E6SZ6RN3S5ITD5X2NU4N2X7PTR5SFXAEDTI2PGBZX3UMU,,,2025-09-02 06:52:24.000 UTC
aquarius,pool,CB64A6FEWKK4YRWRBNWJDZ4EZ6RI74FB3MZWNECXIBL4IYC2USMF2ELV,,,2025-09-02 08:44:33.000 UTC
aquarius,pool,CCJTQJLFA3NADXNBR4BIDV5NMFACOMUES4CO2UUOXQGMOP4S6RFL5CAJ,,,2025-09-04 08:00:00.000 UTC
aquarius,pool,CACIDXIZXZHD2KM27ETPAFHL4N4RB7MNQ6RHKLNACNFTQOMNZK3FE7ED,,,2025-09-04 09:58:54.000 UTC
aquarius,pool,CCLVDZIBCMB2PXKOMRG6IEBD2UMSBEVRPWTRWUIBIZGGKYVQFQ6FRYTB,,,2025-09-05 01:42:51.000 UTC
aquarius,pool,CCYNRWTZBINZZ3CZ6FYAUKRGTRVZGCIB33CIGJHV7MFPWPNK56NTAXEW,,,2025-09-05 06:33:21.000 UTC
aquarius,pool,CB664UQW7GDHDJE2JXN2QMGBJMO6MFEIXINX5FHPGOZTJLXLYZY7S5XG,,,2025-09-05 06:34:05.000 UTC
aquarius,pool,CBDRLPPJBF2LQNGEEGRBHNLFL5QCMKLKP5BUCQVX3HKRTXODHTXEQRZ6,,,2025-09-07 15:42:46.000 UTC
aquarius,pool,CAFHLHGZXOVNCGFJ7DOXL7JDNMBCEZKDI3LS5NRQH3GXC7CSIMQZHUSM,,,2025-09-09 17:22:02.000 UTC
aquarius,pool,CCPJLNXL6YBVNPKTH6ZOXBWB35GTKADVN4WQJJWLBGWORZ2EBK6VOTRL,,,2025-09-20 01:40:00.000 UTC
aquarius,pool,CAJXBOGWSRFT7Q7ZKHVTPWGODOBBSPYQVKN2WSMN2WFMPAXX2CETEBAZ,,,2025-09-20 10:01:02.000 UTC
aquarius,pool,CC7DVVEUOQDASEXFVZZJYP5BUS2S3CYBQOSFO7USFYLUZDVCFFZ3QUMA,,,2025-09-20 11:16:50.000 UTC
aquarius,pool,CB6E2TJAPMALVDDAJ4IM3MLRSXDO73YEH636SRZXYWLVMZSCA4THDMYI,,,2025-09-20 11:21:42.000 UTC
aquarius,pool,CANUOUCL366FPFUY6VXYMV4BELMOHQNDO5W5IPC6URUQICZGGFDBTYMI,,,2025-09-21 00:18:35.000 UTC
aquarius,pool,CDA5MPSMEEXEZ4AHQULAY2V3VFO4M4JWC2C2MMCHSQUMK5DP6NSLAVHO,,,2025-09-21 10:07:33.000 UTC
aquarius,pool,CD2UBY4DOGL3FETXUNMSSEGKQAL35ABFG6WMO4P24GK2SH3GULFRCKFA,,,2025-09-22 09:05:02.000 UTC
aquarius,pool,CAQXW3WZKODG7DXFDFQ2VRY4EVTBBJLJ4PEQW7DBSZHXEJC7542HIRQH,,,2025-09-22 17:56:21.000 UTC
aquarius,pool,CDMH535JSD224YXPET3B4SJOLXTQQ24GRSCWACGYBKSH2DKFJYWI7SUW,,,2025-09-23 16:22:47.000 UTC
aquarius,pool,CA4IY6G3V6JXS4YENHOFLTU2IHWST5ZFG4XGIDGDS6IXUORTQIY33EAZ,,,2025-09-26 14:05:02.000 UTC
aquarius,pool,CDFNPMDIWKCTVCDP2K75RI5J4FIKLTSZBWBNLS4BQVT6AS67MRD5GV2V,,,2025-10-01 08:11:54.000 UTC
aquarius,pool,CCD3P3RNXORFN64OH46ES6EADO7NUDWXUXWCBU42NN7V4SUPXPFJWED2,,,2025-10-02 08:23:17.000 UTC
aquarius,pool,CDTDURXP62KOZNS7VUZGY4Q37JGJRKC4CMCT6RUNQVZDEBJQZOQAMFOY,,,2025-10-02 08:28:10.000 UTC
aquarius,pool,CBHA22UACTWKPR7CPNFXYVX57QXQVOEPTWKBSWFQAPN7HB5GEBKRJB63,,,2025-10-19 10:35:20.000 UTC
aquarius,pool,CA7JPXK5XK4DMGPTDUP4MA6YWYGRX7SWR6AJ2RLMDKUB6Q5RBNFJFSJP,,,2025-10-20 04:36:35.000 UTC
aquarius,pool,CA76YPZXQFP6JGJNXYQI4SJRDH5ERCYF5AG7OYXNUTC2IBZLZOAOK3CL,,,2025-10-27 18:04:31.000 UTC
aquarius,pool,CA6OBAWHRFU3O6VTJONDYCS2XUQ4OVLG2WBDS3K2CETT2ERRDQ26RJ7S,,,2025-10-30 14:49:24.000 UTC
aquarius,pool,CBGSR4FCHGM5WXDIY6YD4T6SSS26HHGIJCXGVIQ2PFSO7EPLMKBZE3KW,,,2025-10-31 17:54:11.000 UTC
aquarius,pool,CDAQRXMA4N2Q4DYGCLMCINE72SDLE2LAW7OSIZANM76NHHG5DZF7W5K6,,,2025-11-08 14:06:48.000 UTC
aquarius,pool,CDNMOZVRXKZ2JCVTDTGXZRWH5EVGXBIR7NDUNMAME4ZYFRIU7DPBXLDF,,,2025-11-08 14:07:49.000 UTC
aquarius,pool,CARBT6Z25NNE7PD24BFXXXMSRYZUGFA5RHI23PMSIXBUVJZQLS56HJLP,,,2025-11-08 14:09:05.000 UTC
aquarius,pool,CDM54I2UGJBIDCAHITKTUV2PKBLAA4G25AIZNNOW24UTHAAV5NSXNXDF,,,2025-11-08 14:12:26.000 UTC
aquarius,pool,CDI54BFBGPZOAX4JARDQIHKRQ6U73SAUPLQB26KUB2J7JCBK2HDCDYSB,,,2025-11-13 16:55:07.000 UTC
aquarius,pool,CA242XKXANKC46P53M355OPYWMHWPPTKQM5T5DNMOBWJMHOWDLNPJTN4,,,2025-11-15 11:35:49.000 UTC
aquarius,pool,CCQNVBS5ETNAINQQEACPEP2ECG3ORA27VG2CXOSYV5P5EDM4JNER6X3N,,,2025-11-17 10:43:23.000 UTC
aquarius,pool,CCEQJEUOYHFPY423PQC56UFQK4EK5JEB6A3I2MEZ25QGR5F3P4DCGN62,,,2025-11-17 20:59:01.000 UTC
aquarius,pool,CBKAMBR25ONQLTJO7NYMJUMAHRJOUR5NQZGQQ7R5UZALTBPPYWDRVIZ5,,,2025-11-19 20:14:29.000 UTC
aquarius,pool,CDRPQKQ7Q6IL75FVVHYKKDGWEDBRSTIPLWMECFBCNUG22VSXXZ6ZL42L,,,2025-11-25 15:52:41.000 UTC
aquarius,pool,CDD2VFQCJFZNPNQ6YH7A4PWKA2QODQ5XQ4EO3K2D7AOYQRTHNZZWZPFR,,,2025-11-25 19:21:32.000 UTC
aquarius,pool,CBTJFBRZDAG6SJFJHPUIGCCC3F2KKCXC3G3H2BTG6B7GBOPTPSI4ES3O,,,2025-11-26 16:11:04.000 UTC
aquarius,pool,CCPMQFGSSMTBLHO4SLDPRHWAHSWDQICXQPW5WM54KDPB7IRWEWLZJUQY,,,2025-11-28 08:58:15.000 UTC
aquarius,pool,CD2O2B6PWKXDVFXMHXHQMF25C4TWOSQAENA7DNFR5G27F5CHJ7AJP5F6,,,2025-11-28 17:08:43.000 UTC
aquarius,pool,CCNXGPE4AQCSNEBZO3XJDKKDI3CRLYMVS6UWBBTVDLALLWMJEXBORQ2A,,,2025-11-28 17:10:37.000 UTC
aquarius,pool,CCIWM6V5NPVMQBTDD2DWVTFLJHV2IB7I3V6KLNDFFFCZEHEPC6FKNCXB,,,2025-12-10 11:59:04.000 UTC
aquarius,pool,CDCZJS33SL6ATRYZOSGHTEKJMGRNAQKMV6LL36JUKKEPX3TAKUJL2LL4,,,2025-12-10 12:54:26.000 UTC
aquarius,pool,CBXCELPGAJPHC4XXYBOYLWNLH2IZBUNNXCR4IIBNJXL6BSVTHSLAOJYP,,,2025-12-13 12:27:14.000 UTC
aquarius,pool,CAM7NWR7INGYXWJHAJXFPW2BDLORKDXAAUBUTYE7IYUQ53HIHJ7MRHVM,,,2025-12-15 20:39:29.000 UTC
aquarius,pool,CCLGEOD6PIQQNYFIU4PQXNGM4455HHBD4MGINN46M2KTIVOWOWDTITCQ,,,2025-12-21 17:11:37.000 UTC
aquarius,pool,CCJ3XJR5VODGJHH6BQHRUVOA3FWMQRQOPLUZNKLSKFKYELZF767P2DOR,,,2025-12-22 10:20:43.000 UTC
aquarius,pool,CCPVNWJPBIKEYSVDF4DT6P2PK5RQDTC6JULZYRTUX3RDS4S5MS5KKSOG,,,2025-12-26 13:23:33.000 UTC
aquarius,pool,CAP57XRSVYQ76M7LBDDNL6EKZNVMSWLWQIOXDD2XWF7ZAQAOZEWROCVX,,,2026-01-01 21:19:16.000 UTC
aquarius,pool,CC3JS5VIMZWQENG5OC3OFLMMMC7JTDHXA45M7IEPJY4ULQDAI7DA2IFP,,,2026-01-05 17:26:00.000 UTC
aquarius,pool,CDGODCYOS5SBQMHAPEFNDVIR4ZOHHVACAWXYUZRLW4DJ3KFPQQ2TVEB6,,,2026-01-13 02:56:37.000 UTC
aquarius,pool,CBWTGYOY2V372AWSG7EAG6Z4R47L7OPYDJ7Y5TDYQDHXA5EJBRNKSE6C,,,2026-01-14 13:17:13.000 UTC
aquarius,pool,CA27UTMXHLQPISZUBIDCSYLAVCCMDD2F2PQBPVTVZBYRTEHLSWLTYYU3,,,2026-01-15 13:41:38.000 UTC
aquarius,pool,CDVJJCKX2KZ2SIVXRVXJZOPOGYF6J7GXY3F2IHYR4UW66DDCRJYAQCAH,,,2026-01-18 05:36:30.000 UTC
aquarius,pool,CBV5CUMDI6KI2D5BY4C4ROG5RJKEBOKATTYPWSRXIZE2WJHA7XEFALXL,,,2026-01-18 06:14:00.000 UTC
aquarius,pool,CCXKWPUUM5VKSHHBGYOLZHIEU5DAXINQNJ4Q4IOTBYEEWUTA5S6A3S6A,,,2026-01-18 06:42:04.000 UTC
aquarius,pool,CBGCTBE3YMCUXRYIEV7F2ULJYKKYFTQJXU7P5G4IMMVJN7APRY2QH7Z6,,,2026-01-18 16:31:27.000 UTC
aquarius,pool,CAMIMH7AIHOT7EUBXNM2QAX6E7LGDJN63D4DTOH6YRRWI62NDYJVPJ2F,,,2026-01-24 23:53:33.000 UTC
aquarius,pool,CD2ZV2IM4AF25ZJJYLPSFVKMBXGTJF5ZEH7KV3Y5SI5SVTLYLS7G24GK,,,2026-02-03 03:10:21.000 UTC
aquarius,pool,CD3LZHEYSGPK63A76ZXQCEYXBQZBAV3X4YOKT6S4JL3KBVB4B2JP5U2L,,,2026-02-04 04:21:20.000 UTC
aquarius,pool,CBRGXAYNKSFRM7RBIYRCVMTNMAMBJ6XZO3XHR7XAQPUWV2KMF5YNS7FL,,,2026-02-05 13:37:34.000 UTC
aquarius,pool,CADFWSBBD6VMCL45DEPZ37X3JNXOZXIWEVJJTHMQH3UEB3JSQVJSPG2I,,,2026-02-08 14:45:09.000 UTC
aquarius,pool,CAMXZXXBD7DFBLYLHUW24U4MY37X7SU5XXT5ZVVUBXRXWLAIM7INI7G2,,,2026-02-14 09:09:38.000 UTC
aquarius,pool,CAMPG46IY3FCD3QEXOFAX4ZGF435HM42L3EOR32PZGNQUZL4OJBGPQCL,,,2026-02-21 15:12:52.000 UTC
aquarius,pool,CDTBY6MZUQADODPZWRF2TO5RSWOJHZGYJFF4IKSXZUPTGBCQIGI5IVUR,,,2026-02-21 15:17:39.000 UTC
aquarius,pool,CCRULRY3VV6NVQHZ43KDKC75OHR6YEH7WCQBDTTU6JBIH75NC72VW6JJ,,,2026-02-23 10:08:58.000 UTC
aquarius,pool,CB6GYGGZV76SWLSSO66S72P2D4HSNA4VOZFZA5V3KUS6TARGR4FLTHUH,,,2026-02-23 10:13:30.000 UTC
aquarius,pool,CD65EFAZ27WMSZVNDNHGSFQJUZETT7UEGPH2IXGQYRQFBFXYNTNT3RFY,,,2026-02-23 10:32:59.000 UTC
aquarius,pool,CC7NGMNMPDUVJ5SVYYF3MH4LJRPTWQQRWGJT2HRMMOO4EFWT4OLG2PUY,,,2026-02-25 09:57:20.000 UTC
aquarius,pool,CAAO3AET65WOCC447CWCLAXGL7GHUMOWPT7R6AQB3HHHMDSMBES7XPYX,,,2026-02-25 23:12:08.000 UTC
aquarius,pool,CBQXETIPKAZ7E3DSYVTPQBQ3VEAYL3OKFONKVYG3B65ATG35HFGHOZUN,,,2026-02-26 02:08:08.000 UTC
aquarius,pool,CCRXHM2CC5TL6O6M6BDBRJXKS7P4WCU45T6O2AQ6LRTSZ5WSCQWJH7M2,,,2026-02-26 13:34:25.000 UTC
aquarius,pool,CATBKAYNYV6NWGBMUWL2Q47HWLZGLAINAJCE36G55C4F272O5S5GLV7X,,,2026-02-26 13:38:36.000 UTC
aquarius,pool,CCGV4T4AJ7BHBHEHVZVIECDW6CO2UQRNMGKLV4SFKFQ6Q2EP7E6OXRER,,,2026-02-26 13:42:12.000 UTC
aquarius,pool,CBSJUAXXREFNOENLYRURJILAVLFQVCNU6KO4DHPLJQRFIUJZ5FWZ7HS7,,,2026-02-26 13:53:14.000 UTC
aquarius,pool,CDW2RFU4WFZMVR5XRDE2TRJF7ZCRJG6A6TZQCWTRB473XJSD6G4BK4EK,,,2026-02-26 13:59:54.000 UTC
aquarius,pool,CAIXIOWEREZF2RN25FDIBUSDB3HTKL4DTIXKDKYWW43RYRRHWJ54DKRR,,,2026-02-26 14:09:54.000 UTC
aquarius,pool,CD26X7VAM7GGAHYBIZ2DPSNS7TETJPWQEKN5JAWUEBSYMDOUBWRZSJNZ,,,2026-02-26 15:04:06.000 UTC
aquarius,pool,CA3XYBIUSAX22POJFDFIGTYLNZUGFER6U6Z3PDJ5BO2Z2A2HZEG2X2XU,,,2026-02-26 20:10:26.000 UTC
aquarius,pool,CACK3FAHXCB7QAJAXBPZ5SE4CN5KCW33AS5UUTRM2TGO2V4O4X4FZ4E6,,,2026-02-26 20:42:34.000 UTC
aquarius,pool,CCXQACY5KY7JWVK46ZNWPZSFRYOIRJKYRVEWPOF5QTSLJHLJ5B63EV3J,,,2026-02-27 16:06:32.000 UTC
aquarius,pool,CCS6CMLXD7NBD5L54FGDENKBBSAR3TQSTNZAQVT5JOVV6S7JH3EGXDCG,,,2026-02-27 16:17:04.000 UTC
aquarius,pool,CDVFMC5KCANFIG2KTNJMFYEAXX22TXU32QCINAAFAXMHDGB3Z2AYNCIE,,,2026-02-27 16:25:51.000 UTC
aquarius,pool,CBEE5LVXTORYRWW36FIWHOQLJ2E4ZH4IWXYZ7S7LNWU6QPMLDXWM4FDP,,,2026-02-27 16:30:07.000 UTC
aquarius,pool,CDZYAFNTTKR5V6ZWYUBHSYTYNEMOQZJPJ4VRTWFEMEZO3CPLS62HWRY4,,,2026-02-27 20:43:44.000 UTC
aquarius,pool,CCC53HEWFLYA4KBYAFHUEJREIZP4SXFJKMB353WFLKOKENNMEVNGUNEZ,,,2026-02-27 21:08:14.000 UTC
aquarius,pool,CCOOTK5GR3ZTISUEYXU5WANZB335SPOABC5CWIB46YM4FVTFKHKMK7EI,,,2026-02-27 21:16:41.000 UTC
aquarius,pool,CCZOFUG2QO46RIVGOSCCY7MMDWGT2NQELJICSHLSNWKSZLQI7B2DPMTB,,,2026-02-27 23:02:53.000 UTC
aquarius,pool,CCOA2AX7JPWRSE5LMJVRXSWLAT3ZFZC6HM2TQ5ZC476K44KYKHNKNEJE,,,2026-02-27 23:09:52.000 UTC
aquarius,pool,CBT37VUKG4MNN5OG62VEWJHPZK3UM2KMFOKGNMASQUDTX6367KFM2YOI,,,2026-02-27 23:18:36.000 UTC
aquarius,pool,CCFDZQB5SDHZMEKNSEMTU7G6NY25TRXMUYYLLJ7WYU75YVIC4237VD75,,,2026-02-28 00:08:32.000 UTC
aquarius,pool,CAJQTUYNDTG5RKOEF4LKX3ZXRNBSZOQEGUYLWLJXXRP7KL6FN5BGUKDH,,,2026-02-28 00:51:17.000 UTC
aquarius,pool,CC6HJVNKAZPLC55W6CYFMQJGDYRDAWEZV23IWTULCBWNSTKY7KK47BSQ,,,2026-02-28 05:13:41.000 UTC
aquarius,pool,CC3GYD7YAQHE5JDEQ2AGRZDRGZ4G3STGGQCUVZYHL5ZJUKHYHYVBEMWY,,,2026-02-28 06:26:08.000 UTC
aquarius,pool,CARZ47CFSYB3DL2OQQAR4KMCS2UNWN23DKXPUGOA6AVPX62M466ZTYSX,,,2026-02-28 06:34:24.000 UTC
aquarius,pool,CA3TOMCU534RM7KBWTUJCLUALIQDNLZ6OFOCCQOPE4LNCURBIXKBPQQ2,,,2026-02-28 18:18:20.000 UTC
aquarius,pool,CCL7U7D3CLBFMNNJZB3ZZ4P7FCKETBXM3NTIR73SVIWLUVBKZQNUPD2D,,,2026-02-28 18:27:48.000 UTC
aquarius,pool,CBP6AYV4ZGRSAF6DEWSFIRZRJEQMXO6IWB2MXODWO6XS5UKFMACKGL2M,,,2026-02-28 18:34:03.000 UTC
aquarius,pool,CCDPYFKYHWNXCO2RH6PCZF7JU27MNMNS4ETUHERW5VQOMKVL6QXZFSN3,,,2026-02-28 18:43:51.000 UTC
aquarius,pool,CCXCWYGV6U3FGTTMUH5J6OWWBOK2V3WSQDLBFUWMOCRXXJZS4WUJQSMM,,,2026-02-28 18:52:54.000 UTC
aquarius,pool,CC2BIHZZZ5T3MXDTSN4BM6USTL32GCPS3REN2U4XS4ZAQGMJC325EHX2,,,2026-02-28 19:37:11.000 UTC
aquarius,pool,CBDJFETM563453SR2KAW7DUENNRWCJOOGBFQKWEDRIBJXZ6ZHSSIVTZD,,,2026-02-28 19:43:14.000 UTC
aquarius,pool,CBIUKNYPFT2XNOEM4Z4UY7HNXM3KYOOJ47SFZWD2PBXD3M24L3BFQS7T,,,2026-02-28 19:47:55.000 UTC
aquarius,pool,CASIKIG4K4TXL767EKCKNDSWPWFRVDMYXAU25PEBKAY3JMGKKLQ26AT5,,,2026-02-28 19:51:45.000 UTC
aquarius,pool,CATTJU74FVZ3KYRWJSDKODAX7GENKBODCWNPG4VR6MWUOFWWMS7R3L54,,,2026-02-28 19:55:43.000 UTC
aquarius,pool,CDLCMKIM56QM4WP5JNOB7ZGFTF2OLZ6G3MKREWF6BJ7SBIWWYHYOVGHT,,,2026-02-28 20:13:13.000 UTC
aquarius,pool,CBGRTO7NN6NJDH6JIHNCDUKJCLT5PFATGECDBMUW4U2IZTTIRCALQ5NG,,,2026-02-28 20:20:32.000 UTC
aquarius,pool,CDBQ2IPAC26MQWZR3D2IA647IKGS6CMKQJFIVVOQBQYZ32JQXHNKWI57,,,2026-02-28 20:27:21.000 UTC
aquarius,pool,CCSUZC2PKN5RQC4O6CFZQOIVKRGUTVXHV7MV7XHWR5VBNKC7SCS6JMOJ,,,2026-02-28 20:35:22.000 UTC
aquarius,pool,CBMSBM6EABGBNZ47WZTLX6WJOB3ETO2GNPQYC2FX6LJXUL7TRQFZ3IA3,,,2026-02-28 20:42:25.000 UTC
aquarius,pool,CD3QVDHNWWERLSR7RLFGSDORFMG4IGOVGG5EQD7RKPZO675CIRUYAZCM,,,2026-02-28 21:33:00.000 UTC
aquarius,pool,CBPPA6CMGLINISOAT6PVL5RNC5AGUWKN6U7O6QFCNQVI47ZNQVLCTWDW,,,2026-02-28 21:40:06.000 UTC
aquarius,pool,CB335M27XHH4S3XKFBH4IHBKQRB5AITZ76P3BULRTAVI2RRBJA3UBGRW,,,2026-02-28 21:50:02.000 UTC
aquarius,pool,CCQ5ZALBEXY63GBJ5X2J46VT7JUXQZGA3P4RIFUIDRVUWT3QLNGVQGKG,,,2026-02-28 21:59:29.000 UTC
aquarius,pool,CACX5646BHTJ3CMNDPDTQURAP5REOCUIICJWWQ26DVO3YYYG2UCKKWVY,,,2026-03-01 15:39:26.000 UTC
aquarius,pool,CBR7Y5SNUIEBWN464BOA6RBVLQHZYEK7R5WYOP7G7M5EDPUVP27UEAJS,,,2026-03-02 01:15:12.000 UTC
aquarius,pool,CBRGSLZ267SYS2QMQMEKX3I6X5NCFPE5H7O6MOHAJYRNOWNOB5QSNAFV,,,2026-03-02 01:24:20.000 UTC
aquarius,pool,CCEBH67CQ5HCQIZMLD6T3OJF3HL5WVM2L74Y3T2LPNWSJRSTH3LVUIET,,,2026-03-02 01:34:31.000 UTC
aquarius,pool,CDNPUXW3QRTKTYA3R2ETPYPX2D3WYJGY2SLOGXTGH7DV2NMVEXFPVIUJ,,,2026-03-02 03:25:52.000 UTC
aquarius,pool,CCDV4DJ5NCQ7R6KNCFXWLFPZWY55AWL3GLSA6JEMMUDBHQZTZTF5XCUR,,,2026-03-02 03:40:51.000 UTC
aquarius,pool,CBSGMHDTW5QO2FJMGGJSXMS72GPVSWKWXBIXJRPFWLXSCJ4PA46GGM5S,,,2026-03-02 04:01:26.000 UTC
aquarius,pool,CDCBYI6IHUWQCYSH5NTFMEPGBTQZEK3KLGRT44GAOOMSRCRDDLFSESVR,,,2026-03-02 04:11:02.000 UTC
aquarius,pool,CARFAMXG2B7ZGKLPO6NWLYXL5XTCMY4BIHE3BWUAZDSX2YQQEAGG6SCK,,,2026-03-02 04:28:44.000 UTC
aquarius,pool,CD5T5DVALG45HGQSO3ZDVY25PB3QL37N6JUDOYCXK5CE3AWILW2V7HWO,,,2026-03-02 04:57:47.000 UTC
aquarius,pool,CA4Z7AMKNYGTPSBU77GLXVARRT6DKGSYPGXY2YZWNGPQ7KQGLLSN7ZXJ,,,2026-03-02 23:46:58.000 UTC
aquarius,pool,CC6LQAOLO5CJOQG6364QISO7CWJEPSW5B7XRQGQER2KY7WWMA6SMZDYW,,,2026-03-02 23:50:35.000 UTC
aquarius,pool,CCUKTEIWRW4Z55CBQIQEIZNKAF6NFHUQ6MSPSA7ETJHZQT5SD2T2OCZF,,,2026-03-04 12:42:19.000 UTC
aquarius,pool,CDTSSTLKVVPWJZXVCGJJNGWKH5MY7OMINVXTB7DGFMDJTCCDBCSRG52O,,,2026-03-04 20:28:08.000 UTC
aquarius,pool,CCINLSVEOXXFDSRF2DISYDCRYXS7UPWEDR6ZUARHJFLFVWWRDOV3EHAY,,,2026-03-04 20:38:51.000 UTC
aquarius,pool,CC5CUWNMRMUSRLNPQQM3J3SLHJ4IO6EEKKXA7ULSLQKHNXW5PGPK4N3I,,,2026-03-06 15:53:49.000 UTC
aquarius,pool,CB4KKFCWV25BO3RQQHFJLSGAOBHBLCH3GLPBIOB35D7P3YP4CDHZPVH3,,,2026-03-08 19:55:42.000 UTC
aquarius,pool,CCB67QNROV4EX7BFNB366HQCBE7Q4ND254HNAOWREEP3WQEL56ALUUBN,,,2026-03-09 21:13:31.000 UTC
aquarius,pool,CDIFITC5BKGIIXDKNTDS7OFSGCZ7CJQA36JAPVN2LXJTYXCJWNDGS35O,,,2026-03-09 22:58:46.000 UTC
aquarius,pool,CB6Y3QNAKAI27VAPFYHVKNTHSQWDAN23D6OIDIH2C5YBDPSOWVPDMNPU,,,2026-03-09 23:05:40.000 UTC
aquarius,pool,CAVLQ2RJXM5SWA4FWRNJAKPT5B3YV3OXFOBEZC3TT6KW5SDE2NEZ6STE,,,2026-03-09 23:16:56.000 UTC
aquarius,pool,CCKQO6BVE3SR34RTKAODYDCYLN7IJMKXN7D6ANGYRAOLSVVCGH4CMAOT,,,2026-03-10 00:38:58.000 UTC
aquarius,pool,CAKJXFOVLECSNMDGEGOILWCZJZVDM2MKJFJBITKAABMGN57I3QQPS35M,,,2026-03-10 03:24:18.000 UTC
aquarius,pool,CB7ELLI7AIJJWNIQA6OYHWXD7SMXUH4GVC5BNHHFSQLTCBGXXOG4ARVW,,,2026-03-10 03:32:43.000 UTC
aquarius,pool,CDNC5M6TNUBGA72XN4GKT3AIIDEMXN7D4QZQ3PC7U444SIM5ZSPMEQL3,,,2026-03-10 22:23:37.000 UTC
aquarius,pool,CBVCCH2E47NKTFOQFA2KKPPOMVQPMTP4FIWYJ5WFLW2G3XHE7AS2XX6S,,,2026-03-10 22:25:52.000 UTC
aquarius,pool,CBIYPMQIQINY4FI4RXUZJ2HVNBRTE4GYQGEATKMERTJJVEMIB5QWAO6X,,,2026-03-12 18:53:34.000 UTC
aquarius,pool,CCCVPSORZY5N7CU2IENGXDQ5EG4HAX7YLIAMZ4IU2RNVRQSJO5LDB62W,,,2026-03-13 02:27:08.000 UTC
aquarius,pool,CDJPROL4CVOGTIJ4VBJST67D6SJDPUICASDQFBYD3DB74AR3SE3MAR4V,,,2026-03-13 04:05:05.000 UTC
aquarius,pool,CA22XCXSINOJTOQGKTLTEUXNKE7Z4IEBO5XNHPX7MRAEPOD3OAJMHY5R,,,2026-03-13 16:17:07.000 UTC
aquarius,pool,CAHAKWU2DHJL3GMQCDWAY35B5HEBQM2WILVK5C5BI2EBQSAWOCSDYAFH,,,2026-03-14 14:45:52.000 UTC
aquarius,pool,CCAE4V4CUOGRMISNDQFZECSRZZ5WR4MIOXU3LS5TWGHXKU2XQ25AORDY,,,2026-03-14 23:26:46.000 UTC
aquarius,pool,CCTDN7QPRBJEWIK36KRT23PJTTP54VB55TJ3ZICQ4GH6GLOOADMWPGPR,,,2026-03-14 23:38:31.000 UTC
aquarius,pool,CBTR6DGWFTEH4PU45IY6HNRI3QKZQEMG6AWUN5WZ4KISPBOWGILFH6M2,,,2026-03-15 01:07:20.000 UTC
aquarius,pool,CD5HRIJ7CR55VJZGXEI37DG4VYXQQ6YWYICZZHQIOUREVFQBVDVHMKGJ,,,2026-03-15 08:00:04.000 UTC
aquarius,pool,CBVKW4FIXHMN2GVVEUNUS776GXSR767ADANKWMB5FK5HS5MCGYMOKAR4,,,2026-03-15 08:28:34.000 UTC
aquarius,pool,CAHVZ7BDMO4QPQ7KWG4XDA4UJKSZYMRBUQCPV5C3GT7IRWE3DNXECQZX,,,2026-03-16 04:19:32.000 UTC
aquarius,pool,CDTTGVKXMYPZOVZVWPVBQZJ34L4UBWMKWCT6VXAILOR2JH7JEJZIFNDW,,,2026-03-16 23:54:16.000 UTC
aquarius,pool,CBCI6VWQHVLBWN7QYJ43RO3EFIKDRGEDWPNRDSPRJI4ZGTBJPNI2PTBP,,,2026-03-17 11:05:33.000 UTC
aquarius,pool,CALQ6GR2QH2Y7NDJZ2MXQU7WCXJ5RQ6C2CUDV7VEW4D54EYIQVFKB4YD,,,2026-03-17 11:05:44.000 UTC
aquarius,pool,CBKD67RCJZVDQ3OBK2DBCMLF7TP7TP4AHYH6CRN4VD3HDXAOCCZN42WE,,,2026-03-17 11:10:01.000 UTC
aquarius,pool,CDBIYK7BL4OQJ6OAWIFI2WQX75GM5V4EHYTBNLS5I6JYLTGAR6ZHOSHD,,,2026-03-17 20:22:29.000 UTC
aquarius,pool,CCMAKYCJGPWFYCVJXBXC5QLA5QPM3LSZOGG2O7QCQE5KAIPUEJIVVOA2,,,2026-03-18 00:19:02.000 UTC
aquarius,pool,CAZ43KEJHOG4F5ARGNMS6UGMU5UCTHC6BNBEJ4UXN5ZR5M6BPQVTTJKK,,,2026-03-18 01:09:55.000 UTC
aquarius,pool,CD6A62JGCAX3Y375VJFQCPI3LFA3Z3DM4A6NQRJVE5UGKOGVNR74QUML,,,2026-03-18 01:15:59.000 UTC
aquarius,pool,CDVJBTSEA2AQSZKCI24NM27HX6OT57YNZDC4SQVQX7IT2AYWNWGSR4R5,,,2026-03-18 01:54:08.000 UTC
aquarius,pool,CCBAK2F36ARUZ36WUGFI6NU5LQAYO67IN3I5QTB2V42DI42YYRIKWXEK,,,2026-03-20 18:40:45.000 UTC
aquarius,pool,CD5WJYPFZZV4D5XCACS5T5GU6NDCA7Q67CPSDITK5PMR4W5P4QX3D67K,,,2026-03-23 13:29:51.000 UTC
aquarius,pool,CCZCKFDGQ36M4SWE6AMNZPSNJ7G4DHCLB5LKN3ONM622AWUFXQTXVQH4,,,2026-03-25 08:43:55.000 UTC
aquarius,pool,CAOG4YU55SMFTHP2XUZULHV37SLPKQGWY6BOJP5A7UEKL2VIM4T3Z62G,,,2026-03-25 08:46:19.000 UTC
aquarius,pool,CBI5I254M2PENS4SEHP6CIXPFC7YNDTB2AZ6ZOSTSV6FNNYMBFTJZN34,,,2026-03-26 12:54:40.000 UTC
aquarius,pool,CAA6RWSD7SFHXTWLNTZQCIIZEFWNTBEEY7JZGNCFXZ5FDGACQMXS2KXJ,,,2026-03-30 13:21:46.000 UTC
aquarius,pool,CDXIKNYSJZVJKZGBUJM5IONQA7EJCOI27RPWUBR5WYKOGWYLTJVML7HW,,,2026-03-30 13:24:39.000 UTC
aquarius,pool,CD3INVPZI3UBNYU3FEMTIGUJCYQVVMD73XSAOL7FFCYOUQ34DSFUZUZT,,,2026-03-31 07:00:30.000 UTC
aquarius,pool,CCNW7S7C6GYLBZR2VIMJ244FUHLIYK2X6DH5YIENPQDTNHQ4PQLS5SXP,,,2026-03-31 07:23:15.000 UTC
aquarius,pool,CAKGRY6BTYEPBOL6RG77KYSJYNTK423OBRSGBKYWHKHDZ7GGU2YEIMSA,,,2026-03-31 07:27:23.000 UTC
aquarius,pool,CAUTC4ZRSR74UYZE6O26T3VCDAIDW6TWVWLGHXZ7E5UQJVZSM7BU2WSP,,,2026-03-31 08:12:29.000 UTC
aquarius,pool,CCQV7YZLHZCAUSA6NRDQXP4IBLGCL2AXJIXHVTIUCHE5LAZ3GLA3OTY5,,,2026-03-31 10:22:14.000 UTC
aquarius,pool,CDK4YEK25CA6T43K6NBKJCRZH2QEHTTTCDVI6QRMEBD5B5OJ66CUQ26J,,,2026-04-01 20:55:25.000 UTC
aquarius,pool,CDCDQUQH2Y2CYUBPCM4ZE6SV4XSUKT3QZV7DGT3VIABCSBITVQIMVPSJ,,,2026-04-01 21:22:44.000 UTC
aquarius,pool,CCAX4TWIUM4P3K7ITHW5BSLRXC6NOBXLHSWBDY3NE7F6QA2QMSLUG7GS,,,2026-04-04 14:16:21.000 UTC
aquarius,pool,CAYZAMECTKHMNCK2CZYRJZIK4NG4W46FU5TKFBM5OZ5YTEQAWMUGTRHK,,,2026-04-05 03:57:43.000 UTC
aquarius,pool,CDAFK5WJMVLSQDGHAPSDH3VE77KB2GJH5VSGM7O7CNBFUSVIS5NTWC4P,,,2026-04-08 07:12:28.000 UTC
aquarius,pool,CBWV52AJSNVC2KYEMOHAV2MA73DMMHVEDLPTPM77KZX2NQOI4OP36XHZ,,,2026-04-08 12:42:52.000 UTC
aquarius,pool,CAOSHLX34QI7ZGKHJJRQH7N5KRF7WTZNMKLYHS67FK7U76EJ4UGP2U4Y,,,2026-04-11 21:30:38.000 UTC
aquarius,pool,CCRDMKXCM3F7I4SRA6PAICMFOY3MIR67U5QMZFW2EGHAXYYN2NI7USH4,,,2026-04-12 03:35:57.000 UTC
aquarius,pool,CAFZJZZ7ITZHUGNHC5YSOS47LR66JS64G7TQW43JN4IMDG5KZC4VA3DW,,,2026-04-12 03:55:48.000 UTC
aquarius,pool,CBCR4WZPO5XN5QJCRZ44CEPD3RB7MQMEQ3FD4VB7KTCWNPFVCPQYASGT,,,2026-04-22 12:56:48.000 UTC
aquarius,pool,CBUUMFEAVUJBAV4UCTAOXYC4PNKR3M6LB7O7EDH5SKTHN4YYTC4JSR52,,,2026-04-22 12:59:38.000 UTC
aquarius,pool,CCVUACGHGUCECMKAGKSPRXPCLHB7SFUO32NKSHNMBUWR4BKFQETEWWBH,,,2026-04-22 13:04:38.000 UTC
aquarius,pool,CBF6IS7Z2VYVYFZC3VT5IDI6YGX2MNUO35TAJPR7OZ6UX3PE5WE5ORSW,,,2026-04-24 08:38:25.000 UTC
aquarius,pool,CC6WOGTWGZERQVJRT45XST76QYGD3YICUWDNYW3K3AD5ONARQQW2N7XP,,,2026-04-25 14:07:53.000 UTC
aquarius,pool,CCCDPF74BFBIHCBWCA3QX5R2UULH4VSJFOK6KL44KDKJS75ZKJJYUSPH,,,2026-04-25 18:52:11.000 UTC
aquarius,pool,CBMOEJUOKI72AXRPEQCRYSWDUBMI2LZEYVFJUTB256FO3WYSYSZI5F5A,,,2026-04-25 18:54:44.000 UTC
aquarius,pool,CBVDERGK2SMEO3PUYIU4RDJIQ4XYEY4OFBAXC7DWFU67JS2V3N2ESSCP,,,2026-04-26 13:26:27.000 UTC
aquarius,pool,CDS3WIIQZJJHIUPL6BP5K4TP5WD74LU4CKHDIYIHWZHJJRAKPHV42GRE,,,2026-04-28 09:55:35.000 UTC
aquarius,pool,CCV2X5THRWCT7HCGJU42DMOVYLAARVIPEDG2LQOVVA2WGONF2MZY2OX6,,,2026-04-29 11:50:34.000 UTC
aquarius,pool,CA4HTZNY2RBZWEQE5GBMNREZMFRPAZSVJ6OGPC7T3VM7NHRJYFAVID2S,,,2026-04-29 15:13:11.000 UTC
aquarius,pool,CBBMQBNHB2FYVZYV7VNHOJHUMTFJLR4PUMRVQYNW6RHIKZO2NQMIBUCV,,,2026-04-29 15:38:38.000 UTC
aquarius,pool,CDTSE6RLRI7ZO25JSER6E4SQR4PHJJNONEGS5HDJ3Y6LAKECRZKYN5CA,,,2026-04-29 15:49:17.000 UTC
aquarius,pool,CBRUQ7I6C6OGHMDYWD6XQUZFB6KJ3LLPNE34EPKSPFZ2YMBJ2GIWYYZ7,,,2026-04-29 15:52:44.000 UTC
aquarius,pool,CDPL6QRE7T5XXICU2KJEUL366KEZT6ICOVBLSL46MHMC5RSDIBR2PCTO,,,2026-04-29 21:26:19.000 UTC
aquarius,pool,CADMDTCQHSC2GCYPDCYQ7FBYVOXED3E3WGCYJHHT524ZBALM7VYHFS7F,,,2026-05-01 18:19:26.000 UTC
aquarius,pool,CAAJYIESEIKI7KZV67MBSXPCRGKH5WY354WUS55H4UNBD35OSKYPZA7Q,,,2026-05-03 11:43:09.000 UTC
aquarius,pool,CBWWCFZUIYARXP2VFQKB6TGD63IV6PC5GO4AO6PNP3HGZWHT23FTHMGC,,,2026-05-04 16:58:23.000 UTC
aquarius,pool,CCZXH6N6DSJLAMXCYODGD255GTFILMNU4R5AHPE7PED4A4EZEOPYAWL5,,,2026-05-05 18:17:01.000 UTC
aquarius,pool,CBV6LZABOAJRXHLIEKILTWBPC2AXLYVR4CGGPKZQ3PWJ5QFTPIWSWGWQ,,,2026-05-06 11:30:53.000 UTC
aquarius,pool,CAPIOQNULTKVYOJT6X2W2XKGNIVUWZDY72Y42YG6HQKJ7DU7YTHIDQYX,,,2026-05-11 18:05:55.000 UTC
aquarius,pool,CDYLKM3DGH5A6QA6QOIITPKG7C4DTZMS2HF75XURORACBHCR6AOE3K33,,,2026-05-13 06:10:44.000 UTC
aquarius,pool,CC7IGNJ4CDAKZPOZJCTTWGAVKTQXKYQGUSVJ5CDUPES3QULCQW6UNAH5,,,2026-05-13 18:07:52.000 UTC
aquarius,pool,CCX7MKVYN5LZENM53VJOQT7ZE477RAIE3FIKEP76OHEWGNKC5TSCXUL2,,,2026-05-28 12:32:07.000 UTC
aquarius,pool,CCPN4NNSQKL3LLPTSPTFKYKXR3FBL37AULE6PTZH3QD24MPHXQCN5O3U,,,2026-06-06 10:31:55.000 UTC
aquarius,pool,CAT65JSA4B3AK7SIUWB5ZONZALAS2HGMFG7EF5GP7BIOKJP6Y4O6J5BF,,,2026-06-06 12:00:27.000 UTC
aquarius,pool,CB665SVTHHKPYX4LUSTYUG5T22WMDETNWWKXRDES3I74NADZG6SIBP5F,,,2026-06-07 16:22:11.000 UTC
aquarius,pool,CCVWACSSUYADCHYEYUCKUQL4YISMLLFFXY56UHCVIYR6D6P77RCRGQY7,,,2026-06-07 16:44:50.000 UTC
aquarius,pool,CDE53ZA37BXC3RA4J4CX2ZRCJ3B4DKXK7VCVK3OMDBBIIBZASTVQQM5L,,,2026-06-07 17:32:30.000 UTC
aquarius,pool,CCC466Y3A5332PRE7NQOKOLJXDHF5CNS2M5MT7I7YIPNKLUO4YETIE3B,,,2026-06-11 18:13:42.000 UTC
aquarius,pool,CAXYSVTPAU6JLPI7V6XJWLFWIYMFIHHFF7D7QCFH2YB2Z4BSI3BCGGH4,,,2026-06-22 16:15:52.000 UTC
aquarius,pool,CB2I6JGVCWBGXQ4WAJOQQEAKEXXPURL4E2BPEW4NKVTUYYK7VPTDDTMN,,,2026-07-01 19:52:16.000 UTC
aquarius,pool,CD3XIX65YUNZTEWOBPFWTTJE6TXDXLXE5THMW3HYBZXCQU4TWK2DUKWL,,,2026-07-01 19:56:49.000 UTC
aquarius,pool,CDM3E67MHCLMFXRDJWOIZRRYPKENH7CMARTOQBEZQQZVLQV52RVPMINA,,,2026-07-03 10:04:37.000 UTC
aquarius,pool,CAWR3CM74VNXM5MRIPILDSTW5S4ZNB47DYBEVE6565UC573L7OFZF7FH,,,2026-07-07 15:07:38.000 UTC
aquarius,pool,CCYMZTOJIDZY45XGDBUNRMYUZWBUTNWOAMREAW4JYU7GEKDHLOEOJX25,,,2026-07-09 18:08:46.000 UTC
aquarius,pool,CDBIGH3UEIVPVU7I2PGJV3IFIAN6OIPZ3QW7EDOO6LAHYBWW4MVS75Z2,,,2026-07-13 23:22:16.000 UTC
aquarius,pool,CBMWU3574VFWNBNMNYAAH4OBT7DPB27URDW4BWIV7XAPQG6YYMJW2LSH,,,2026-08-10 21:45:53.000 UTC
aquarius,pool,CCKQASCNLYGCUYRKDFYHW5SRVUQNRPRX27YAK62CBNLEVSKIXE3CO4LI,,,2026-08-12 04:13:19.000 UTC
aquarius,pool,CCWSVZBOKWZOGR3JQJ3N63LSPCHCI5WNMECKJ2EVEQBULNTTX7E35NEZ,,,2026-08-17 15:02:42.000 UTC
aquarius,pool,CDQ4OYM3RPLEWNZFVAJQGEYLSDMPHEZYMHVOQBKI767UWV5XV5ISAJE2,,,2026-08-25 13:25:00.000 UTC
aquarius,pool,CDINXPGR3BJCPBC7IQQIL5AEHAVDZZSIGNCWJ7ORPVBRCL6L5RJ3FDQM,,,2026-08-25 14:47:36.000 UTC
aquarius,pool,CC642QYWXXR2HUZDNJ6KYN5LV5JFPFPT4Q6YNKLZLYEFWZZZ5SJYLA5G,,,2026-08-26 14:59:32.000 UTC
aquarius,pool,CDRRS2SLIP7THFGUZVB4QL2RAM2ZHSDMAD2GL5GEXTKK5AY3DQUX3Y7N,,,2026-08-30 04:26:39.000 UTC
aquarius,pool,CA5H37TMUGNSUS4KP7UV5EB4UMEPZV6MILEEKROP3K47SLA5SV45FCIP,,,2026-08-31 09:37:44.000 UTC
aquarius,pool,CA4HVQTVHQWDIZSQQQBXYHCA4C5D6V2ZGRHJQIKHVDMBEXCMFH4NYURR,,,2026-08-31 09:41:54.000 UTC
aquarius,pool,CDL5H2BZTIPBPIKJ2NOILZQYZRZE553H3SZX47DDBYEBXSWXIHZLGA2C,,,2026-09-02 00:16:53.000 UTC
aquarius,pool,CCJHUCHZ2DC6MP7LMGQJYSENNTGIFWU4J4TCGFYYDLAC5LTD4YMF6HSQ,,,2026-09-02 16:09:38.000 UTC
aquarius,pool,CD74JDJIRBMCKPI5LV5C4A7L4NIPCLJ3VOVYILFFXF3TSTALPOLY7CHC,,,2026-09-02 18:47:11.000 UTC
aquarius,pool,CB3ZWHICKIYJOSQ7W2GFN2U2CVSGTFBQ6GCDVGQ354BQYJCKX6L22CNH,,,2026-09-04 15:07:05.000 UTC
aquarius,pool,CDQUZBIS7TFV64ZTX22RQV224QPBJZ2BNJB5J67A3KMFY3ONFHVNNS3D,,,2026-09-05 05:29:28.000 UTC
aquarius,pool,CDQ223FWK2XEEYXNNJQS4JCQ5DUCPXKJNNDNRJ3RON5LXH43UO7ECWUY,,,2026-09-05 17:59:14.000 UTC
aquarius,pool,CAJAQRYP5NQKLK6DJNTI4AVH3MXL3GYU7LYKT7JWMMRD7PFNF64RV6BM,,,2026-09-06 03:10:35.000 UTC
aquarius,pool,CDFHPTKLKA7GBLGVWXVUUVGFMXZJCP2ABQXINCC6WTO2KNDFDY4WXQRU,,,2026-09-07 07:50:17.000 UTC
aquarius,pool,CDC3T2KSERCYXITT62EMJOS6BUKPK63RZWIPLH5ANYPOOOWAVBY5SYSW,,,2026-09-07 14:06:57.000 UTC
aquarius,pool,CALCNPWBGQOPFTY3BSAZKAGI3MXEHZZ7VOMSMTX3ISYWBTFNGGFQVK5O,,,2026-09-07 15:17:09.000 UTC
aquarius,pool,CBMEV7ITTRPYCZCKNNQBT4LWOEMKEQUHTXWQGFJMVAQJJ4N4GWHI6GAC,,,2026-09-08 10:03:04.000 UTC
aquarius,pool,CDZESLCCI6WS6PXME2WW7OMYAMUR6MUXG5QWZ6JFPBGV36DZHJVJPPV7,,,2026-09-10 08:44:33.000 UTC
aquarius,pool,CB5D4HH5S6HZKJKANFAE5QZSJQLEQ65J26TFH42D2ZTS33XZVC7DBDBN,,,2026-09-10 08:47:58.000 UTC
aquarius,pool,CCK4FDJG3PMTAE2KOJ2U65UX7HU5PP336NVQS77L5UKELXIQN3LZ3HKA,,,2026-09-12 03:18:51.000 UTC
aquarius,pool,CAPQ3TMDYZBV4Y7J3HULP4VOHSQKGDDBC4QF5EZGPK3O5Y4ARXWBHISB,,,2026-09-15 21:14:36.000 UTC
blend,pool,CDVQVKOY2YSXS2IC7KN6MNASSHPAO7UN2UR2ON4OI2SKMFJNVAMDX6DP,,,2024-05-02 21:36:40.000 UTC
blend,pool,CBP7NO6F7FRDHSOFQBT2L2UWYIZ2PU76JKVRYAQTG3KZSQLYAOKIF2WB,,,2024-06-04 19:20:11.000 UTC
blend,pool,CDU4RTOYFZERUD727WW6VRXH5IK35GLCXCPK5ILUYRLLYYMTYSCJXUEA,,,2024-08-21 20:37:05.000 UTC
blend,pool,CCTZXMW3DJIKDI3UVDUJR6PM4WFFEB5RIWDXJBGIEFBD5XFHI26LZ5BU,,,2024-10-04 20:23:35.000 UTC
blend,pool,CBVOPI6QC6OWVCOEZDCFELAGQNAOHUS4CWOKAVADKQZXVSWR2R5IAKO7,,,2024-10-11 11:47:25.000 UTC
blend,pool,CADP6E57HEJOAWHBSTEDJYFJSRU5C5D7YBHFEET23CAHD2KGD4XKCFMS,,,2024-10-24 08:04:33.000 UTC
blend,pool,CB22FIF722FWWHKDX6URY2LHTOS6TWLPXL2IOGY5QS6YNQXTRBDCNPD3,,,2024-10-24 11:57:36.000 UTC
blend,pool,CDL3EQ4P3DQH5Q6BT3AINZCCJKUHSXPJAOF7YP3JE7MFJX7FGXHPT27B,,,2024-10-24 12:02:12.000 UTC
blend,pool,CDJ6Q3A2NUK3ANWFGXCHUBPQJXKAXBHNUVILGTEOTSEH2NDZC4FI632B,,,2024-10-24 12:03:42.000 UTC
blend,pool,CDAKUFO3WOUG2DLY6XTNRKBSK53VJTJXMTOUEMPKOWN4R756OFICXWID,,,2024-10-24 12:11:47.000 UTC
blend,pool,CDIUMS2ZNGNGHDRBKFXS4QU23ATPYCTDBUHGZ6FS2MPAEY37FAC4JD3R,,,2024-10-25 05:59:47.000 UTC
blend,pool,CB7V7T52OLKMBC5QPL7GH2OKR4XV6YWDURUXSAAAFCPSNX7EPBYF5DJE,,,2024-10-26 09:50:45.000 UTC
blend,pool,CDK4KXOYG332TO7VDARUJ66RMQTEADFSZY3RDJZQBS7ZFCD25RV52NXP,,,2024-10-26 15:21:18.000 UTC
blend,pool,CDE65QK2ROZ32V2LVLBOKYPX47TYMYO37Z6ASQTBRTBNK53C7C6QF4Y7,,,2024-11-16 01:17:17.000 UTC
blend,pool,CDJD2PFCHD2R4SHP3WJ4C6JEF445ODSO74WOCKNFS25I4XI7HMLK3VYO,,,2025-02-23 00:14:20.000 UTC
blend,pool,CAJJZSGMMM3PD7N33TAPHGBUGTB43OC73HVIK2L2G6BNGGGYOSSYBXBD,,,2025-04-14 17:46:46.000 UTC
blend,pool,CBNR7PYFY775UG7W37B4OJG2OBBUKLFW6VIBHFDKKLR2HECPRMRZMDK3,,,2025-04-15 18:42:52.000 UTC
blend,pool,CCCCIQSDILITHMM7PBSLVDT5MISSY7R26MNZXCX4H7J5JQ5FPIYOGYFS,,,2025-04-17 14:35:16.000 UTC
blend,pool,CB4OFHAY2TAEYUVPOJS36S657C6NYMSIFUNCCA5AHYT46Y5XUID3O2ED,,,2025-05-01 15:04:09.000 UTC
blend,pool,CAE7QVOMBLZ53CDRGK3UNRRHG5EZ5NQA7HHTFASEMYBWHG6MDFZTYHXC,,,2025-05-01 21:54:53.000 UTC
blend,pool,CBYOBT7ZCCLQCBUYYIABZLSEGDPEUWXCUXQTZYOG3YBDR7U357D5ZIRF,,,2025-07-14 03:19:10.000 UTC
blend,pool,CALRF5I2OCJCU577R6MZBCY5IIXNMAAG6PNMN7GUKEYIXBJCJN2FJRVI,,,2025-11-21 18:51:29.000 UTC
blend,pool,CADR6Q2UOCDJAGXMAB2E6SRT35STLZ2IGLZUCXJQG7TC2LNKCU5RTQVY,,,2025-11-24 21:29:43.000 UTC
blend,pool,CDMAVJPFXPADND3YRL4BSM3AKZWCTFMX27GLLXCML3PD62HEQS5FPVAI,,,2025-11-24 21:33:09.000 UTC
blend,pool,CDZVHCO7LDUJZSME3PJPJXAKT7F6W5IXSOXTJ2QEK3Y2X2CDUREBUMUY,,,2026-06-10 13:16:16.000 UTC
blend,pool,CC4HHXPKR3FIXUQEC53MAK2IVWD6APAEBBXP5XCIW5FISN6PQOAC6UXG,,,2026-07-28 14:16:34.000 UTC
blend,pool,CAIYBZSBI6XXI3W7EDXDRWLUBK3RCAPHTK4DNX74DZGWE53KYWBHE236,,,2026-08-26 22:09:09.000 UTC
phoenix,pool,CBHCRSVX3ZZ7EGTSYMKPEFGZNWRVCSESQR3UABET4MIW52N4EVU6BIZX,CAS3J7GYLGXMF6TDJBBYYSE3HQ6BBSMLNUQ34T6TZMYMW2EVH34XOWMA,CCW67TSZV3SSS2HXMBQ5JFGCKJNXKZM7UQUWUZPUTHXSTZLEO7SJMI75,2024-05-07 20:27:59.000 UTC
phoenix,pool,CBCZGGNOEUZG4CAAE7TGTQQHETZMKUT4OIPFHHPKEUX46U4KXBBZ3GLH,CAS3J7GYLGXMF6TDJBBYYSE3HQ6BBSMLNUQ34T6TZMYMW2EVH34XOWMA,CBZ7M5B3Y4WWBZ5XK5UZCAFOEZ23KSSZXYECYX3IXM6E2JOLQC52DK32,2024-05-07 20:28:23.000 UTC
phoenix,pool,CAZ6W4WHVGQBGURYTUOLCUOOHW6VQGAAPSPCD72VEDZMBBPY7H43AYEC,CBZ7M5B3Y4WWBZ5XK5UZCAFOEZ23KSSZXYECYX3IXM6E2JOLQC52DK32,CCW67TSZV3SSS2HXMBQ5JFGCKJNXKZM7UQUWUZPUTHXSTZLEO7SJMI75,2024-05-07 20:35:27.000 UTC
phoenix,pool,CBISULYO5ZGS32WTNCBMEFCNKNSLFXCQ4Z3XHVDP4X4FLPSEALGSY3PS,CAS3J7GYLGXMF6TDJBBYYSE3HQ6BBSMLNUQ34T6TZMYMW2EVH34XOWMA,CDTKPWPLOURQA2SGTKTUQOWRCBZEORB4BWBOMJ3D3ZTQQSGE5F6JBQLV,2024-06-01 12:01:07.000 UTC
phoenix,pool,CDQLKNH3725BUP4HPKQKMM7OO62FDVXVTO7RCYPID527MZHJG2F3QBJW,CCW67TSZV3SSS2HXMBQ5JFGCKJNXKZM7UQUWUZPUTHXSTZLEO7SJMI75,CDHNIO6IJ7EBFUDVALSE347YYNV3RKFB3Y5NZ3W4RH4QP4IS56MGSI5E,2024-10-08 14:25:38.000 UTC
phoenix,pool,CBW5G5SO5SDYUGQVU7RMZ2KJ34POM3AMODOBIV2RQYG4KJDUUBVC3P2T,CCW67TSZV3SSS2HXMBQ5JFGCKJNXKZM7UQUWUZPUTHXSTZLEO7SJMI75,CDOZE45WZ67M6DNO577SKX3AG6N3I3Y6HZNA63APVYEAF2X6Q6P6V5G6,2024-10-08 14:25:43.000 UTC
phoenix,pool,CDMXKSLG5GITGFYERUW2MRYOBUQCMRT2QE5Y4PU3QZ53EBFWUXAXUTBC,CAS3J7GYLGXMF6TDJBBYYSE3HQ6BBSMLNUQ34T6TZMYMW2EVH34XOWMA,CDIKURWHYS4FFTR5KOQK6MBFZA2K3E26WGBQI6PXBYWZ4XIOPJHDFJKP,2024-10-15 10:28:44.000 UTC
phoenix,pool,CD5XNKK3B6BEF2N7ULNHHGAMOKZ7P6456BFNIHRF4WNTEDKBRWAE7IAA,CBZ7M5B3Y4WWBZ5XK5UZCAFOEZ23KSSZXYECYX3IXM6E2JOLQC52DK32,CCW67TSZV3SSS2HXMBQ5JFGCKJNXKZM7UQUWUZPUTHXSTZLEO7SJMI75,2024-11-22 18:23:34.000 UTC
phoenix,pool,CC6MJZN3HFOJKXN42ANTSCLRFOMHLFXHWPNAX64DQNUEBDMUYMPHASAV,CBN3NCJSMOQTC6SPEYK3A44NU4VS3IPKTARJLI3Y77OH27EWBY36TP7U,CCW67TSZV3SSS2HXMBQ5JFGCKJNXKZM7UQUWUZPUTHXSTZLEO7SJMI75,2024-12-23 10:58:32.000 UTC
phoenix,pool,CB5QUVK5GS3IU23TMFZQ3P5J24YBBZP5PHUQAEJ2SP5K55PFTJRUQG2L,CAS3J7GYLGXMF6TDJBBYYSE3HQ6BBSMLNUQ34T6TZMYMW2EVH34XOWMA,CBN3NCJSMOQTC6SPEYK3A44NU4VS3IPKTARJLI3Y77OH27EWBY36TP7U,2024-12-23 10:58:44.000 UTC
phoenix,pool,CCKOC2LJTPDBKDHTL3M5UO7HFZ2WFIHSOKCELMKQP3TLCIVUBKOQL4HB,CAS3J7GYLGXMF6TDJBBYYSE3HQ6BBSMLNUQ34T6TZMYMW2EVH34XOWMA,CBCO65UOWXY2GR66GOCMCN6IU3Y45TXCPBY3FLUNL4AOUMOCKVIVV6JC,2024-12-23 10:58:55.000 UTC
phoenix,pool,CCUCE5H5CKW3S7JBESGCES6ZGDMWLNRY3HOFET3OH33MXZWKXNJTKSM3,CBCO65UOWXY2GR66GOCMCN6IU3Y45TXCPBY3FLUNL4AOUMOCKVIVV6JC,CCW67TSZV3SSS2HXMBQ5JFGCKJNXKZM7UQUWUZPUTHXSTZLEO7SJMI75,2024-12-23 10:59:01.000 UTC
phoenix,pool,CBENABXP6C4C7WG6KB7JQOTDS5GIIXF3IX3PIYNZFCDZDWUHITO2HZ4S,CAS3J7GYLGXMF6TDJBBYYSE3HQ6BBSMLNUQ34T6TZMYMW2EVH34XOWMA,CCW67TSZV3SSS2HXMBQ5JFGCKJNXKZM7UQUWUZPUTHXSTZLEO7SJMI75,2026-07-02 10:24:05.000 UTC
phoenix,pool,CCPPPTDWJIWXQUQ2CN64S5JYQ7GYWVZIT7YWUUTH75HKIZX53Z2CE3XI,CBZ7M5B3Y4WWBZ5XK5UZCAFOEZ23KSSZXYECYX3IXM6E2JOLQC52DK32,CCW67TSZV3SSS2HXMBQ5JFGCKJNXKZM7UQUWUZPUTHXSTZLEO7SJMI75,2026-08-19 19:26:21.000 UTC
soroswap,pair,CB46LMGJC7SYSH4C7SBNLV635OX5BSNQDGRR32NRXAV7N2AVNZMQUJ3A,,,2024-03-11 16:31:45.000 UTC
soroswap,pair,CB4LVW7XBXM4YMKREJK7ZLMI6H44FEEFZVRUTOYEZ5DOLS44KDS6J6XV,,,2024-03-11 16:32:27.000 UTC
soroswap,pair,CBJ3WO7M3H7EI7ATEBYHLZBJCW4OXHU3FRG7LK6ZTRHLKKLFW5NHY4Q6,,,2024-03-11 16:33:16.000 UTC
soroswap,pair,CACXB6KH5DQVQKQGXKHF2M5TEKFY5KIDCKSEXZYJ27Z5465V2SSALCBW,,,2024-03-11 16:33:59.000 UTC
soroswap,pair,CA4VTJFKCIXVH3G2MEYAGA4U5A7IBWFFDODTSR3KUAQ4KZMI37J75CYX,,,2024-03-11 16:34:35.000 UTC
soroswap,pair,CBJYBRJAAI4NMALSD6S3FNOKKDJR463CXYIGW7A7FCHOZIBAC4HIJEB7,,,2024-03-11 16:35:25.000 UTC
soroswap,pair,CB2IMINSODLFTKXG6AAS7DZNETFRTJ4ES5WRBO4ROY4ANFQJTKOC6SS6,,,2024-03-11 16:41:25.000 UTC
soroswap,pair,CDRS7NJPAX2HLYNENMUH3USUV6LP6KYSLZZ4ULY27RQLKIVC5DGLEVKI,,,2024-03-11 17:15:44.000 UTC
soroswap,pair,CBVOZM3YLSK3IEKTL3XB3V7CMRU2JNTC3MISPEDMMU4XEUIXDQT6FP6T,,,2024-03-11 18:15:11.000 UTC
soroswap,pair,CAM7DY53G63XA4AJRS24Z6VFYAFSSF76C3RZ45BE5YU3FQS5255OOABP,,,2024-03-11 18:17:27.000 UTC
soroswap,pair,CC7CDFY2VGDODJ7WPO3JIK2MXLOAXL4LRQCC43UJDBAIJ4SVFO3HNPOC,,,2024-03-15 14:54:23.000 UTC
soroswap,pair,CDDEKHF7HRD3JSTIK2BQ4IHJQI64V3SO3HPR2DZBP3OBDBQBKOJNNQU7,,,2024-03-15 18:47:23.000 UTC
soroswap,pair,CCOGGZBP22NP2NPNGU4IA44AUPD7BAOVU42XGLMK4IA4SVSSDC3375PU,,,2024-03-15 19:05:04.000 UTC
soroswap,pair,CAX57ZNIZKVBDZ36OFH5IAMBTDDCJ4F54KUKCJRUKG5POIISYWL46P3U,,,2024-03-16 09:32:16.000 UTC
soroswap,pair,CDJXIUCWP3BWZWNPPL52YRG7FHG6LWAHN5RTYR4FLY7A3PJKSZ7LGCSC,,,2024-03-16 09:33:59.000 UTC
soroswap,pair,CAI7B3M2EPGDA2GMHCHUD5JS7MEJ7HA7U7GP5L2IOJWWAE7VRTMTJPNX,,,2024-03-16 09:35:27.000 UTC
soroswap,pair,CCB6AP3L24Q7KW3LTMO6D3KLNV6MAFTK2TDTJ3XP7BRI2OP4O6SWQM53,,,2024-03-16 10:02:43.000 UTC
soroswap,pair,CC2MSLNFYG63SKXLUTOJJOJWBORZ7NKH4IC66MG5SITKSN5MMFYH6FPE,,,2024-03-16 10:03:59.000 UTC
soroswap,pair,CAURS6NIANW7PQEZX35NBZZFGQFTULHREJFP44YWNBR33KGKJLOASZIW,,,2024-03-16 10:32:03.000 UTC
soroswap,pair,CAX7KGAVK4YBJJWLNV22DFEWC53LKQG3TNSUORMYEDGRT57PTW5K7BZ2,,,2024-03-16 10:33:47.000 UTC
soroswap,pair,CCXCD5BD576T7DUQ7VMKMZLOQWWDQRDCKCKCN6SJBRYWIQ3Q2OEKXHWQ,,,2024-04-06 14:27:14.000 UTC
soroswap,pair,CADRWHW2ASLZYF7C4UL4IGGXQGL3ERHBNYYYYTZFRIM36U4CNTS7C3SA,,,2024-04-08 12:20:49.000 UTC
soroswap,pair,CAC7CX77YKAXS2LES3W54KTY6KDDMDBXRJ5TWK7UX2N4OFBY2OJEUJQW,,,2024-04-29 14:48:29.000 UTC
soroswap,pair,CC7Z3FQD2FRBN2QQMN5R335YGSS7QO7YLYTJZV3HGPPS6GI373O5UZDI,,,2024-04-30 13:49:11.000 UTC
soroswap,pair,CB4UVMNV25WS24YN3RCFK2DYQXHAZWAWT7LLB2NLTRXTVTHMJ52YHNGS,,,2024-05-16 10:54:22.000 UTC
soroswap,pair,CB63RYTOXPVHXJAM7BGN7AUKFGHUCT5KVCK4H2BV4CHPEWIV4J3WDY3W,,,2024-05-30 19:22:52.000 UTC
soroswap,pair,CCXOKQBBNRJ7YKY4Y6HTXAU5ZLV7PKENA7ZT74UAAXZ6XUEE22YQGBCS,,,2024-06-01 04:39:47.000 UTC
soroswap,pair,CDQ4UKVWHJKR465B3NN2YP3IMWBEZ77YYJYTHYZA3BWNTPRHFOJ4OY57,,,2024-07-16 04:05:32.000 UTC
soroswap,pair,CABIXKWFCRM6VYUPNKF5C24O5LRCINE4XGB7SRUK67T6EVYMQSRUROKH,,,2024-07-16 04:07:16.000 UTC
soroswap,pair,CATUJXDUO7SSSTAKSUV5YU6RSTB4B5AVIHQDV26QTCXOB46T6SLMWNMY,,,2024-07-27 04:53:55.000 UTC
soroswap,pair,CCH3CJZWG6UMW522ESP3UHL4DCZLNXZLUHKYG5GCGNG5HXRL4A6O4A23,,,2024-08-02 18:58:28.000 UTC
soroswap,pair,CACTIOUW5FHYD3Q6ENKAU2IBLO2YFRWST4OGPDB4H32OGFMMJQF6SAJ5,,,2024-08-15 07:29:29.000 UTC
soroswap,pair,CAYSBVJOBO34WZHGAG2RNQZ52ZUBZRUHOTSIUIBJ2ZFSAZQPY73FPQNI,,,2024-09-02 01:09:01.000 UTC
soroswap,pair,CABJYKXLX5PIXGUAHJS7VG7XVMGFEPRGI5KH37F45H37YIJNEHDBVXCN,,,2024-09-02 17:51:40.000 UTC
soroswap,pair,CCHAZKZPWUN7YFY5Y2TABRKJ2REEMW4QSU6HGKWPIKO7KGU3VAW2K5SL,,,2024-09-06 16:41:47.000 UTC
soroswap,pair,CCWSFAZM5GRH4TPJKPUZC3KEB757T3QEFP3JUXUDDBJVAHZFPIBNMOG5,,,2024-10-09 07:48:11.000 UTC
soroswap,pair,CDJDRGUCHANJDXALZVJ5IZVB76HX4MWCON5SHF4DE5HB64CBBR7W2ZCD,,,2024-10-15 06:41:21.000 UTC
soroswap,pair,CAHSKDP66SYCGYQZ3NULGZMEUSN5Z67UFBYADJVCNXVKV3E7PKYR5PQ4,,,2024-11-11 05:59:42.000 UTC
soroswap,pair,CBVCMXUCN4TXJAIBB6G3QTUZ2LNEXXJKLCBQVDFH77CBV43NK6XC44TL,,,2024-11-11 23:59:28.000 UTC
soroswap,pair,CDLMAKG5TSJA6FGP7LLC2FKJRQW6DQYMEPP6FURFVULDEQMP3PRZ4ISI,,,2024-11-12 00:13:34.000 UTC
soroswap,pair,CADMFEOU6YZBJ3RTRBU4SXLHKTTQ32YD2YVABBYERKDWP5TVFGWKFADH,,,2024-11-12 00:27:03.000 UTC
soroswap,pair,CCPZ3DPINLAJZ7RLMVKZY77FZDTN3DXNSLF5TYC5CUYGGJ35OF5KJ47U,,,2024-11-12 01:48:23.000 UTC
soroswap,pair,CBIQ5MND5I4AXWFSSDPDVN2X3DPR366YMBXUL6TABGUKMKVGOM2IAZJF,,,2024-11-23 18:26:03.000 UTC
soroswap,pair,CCYPLDHUEYWJEOIZJTXUH56NLIQLKYGR5H2BEFQMBYG5IC3G52QF4WVD,,,2024-11-28 14:12:35.000 UTC
soroswap,pair,CBKG7Y3LSLTSK76LCKM52EQP3I7GMGL2VOR6S46ZEJZW62WFPAKP4NIG,,,2024-12-20 04:48:35.000 UTC
soroswap,pair,CAF65BIHBIHC44QPWIFZRL46BDDH4FN3VSRBB2DZJFPWQRAOSRPKRRQZ,,,2024-12-23 15:21:12.000 UTC
soroswap,pair,CD3XW7RGZIQMSVCTLK2NOFAGPTCBKXAVXIXN6QAMEPTJRY45325BZT67,,,2024-12-23 15:27:21.000 UTC
soroswap,pair,CDGLVQDF2QUD6P4XJXBATP3HT2MSBEV3NH246ZDQPP6JPNPFAYO44P5E,,,2024-12-23 15:33:26.000 UTC
soroswap,pair,CDLJHWJZS3KZDIFLGEFTXUOULRAZ3Z437JTEZLGHMUZEX4DFBFYWXRFR,,,2024-12-23 15:37:51.000 UTC
soroswap,pair,CAYFEOB7X3O5VVGCQPQ4CDURGNGPBAJ6XNXFVW7G4ETLL4K2KNHYP5QZ,,,2025-02-14 16:19:56.000 UTC
soroswap,pair,CARXFUVRVZAFWLARBP4PPUM6PF44G4D74WDOBW5ZQYP4XC2QW7SGPGAL,,,2025-02-14 16:20:56.000 UTC
soroswap,pair,CBDWBXGAP5JECCTYBDZXYIGZCWR253Y2DUKXHQRVC24ZWJAXASJZL2DW,,,2025-02-14 16:51:47.000 UTC
soroswap,pair,CCRF4YDURHCHURPZDEF32RAIIDXWGQFXYLRX3Z64U6DKC4AJBLISVKWI,,,2025-02-14 17:04:05.000 UTC
soroswap,pair,CDFD72XQSA6AHBRUHCVIMSOUXQCXKLMCFHYS2RIEGZAD64PFTYV22DMH,,,2025-02-18 23:24:02.000 UTC
soroswap,pair,CCSJOTOGCEBGAXBJKLG3ETD644XI264U54N54W74K4TYUFAKPNBQ6VDI,,,2025-02-19 15:15:50.000 UTC
soroswap,pair,CBLMYCEG52NRGDVLNJZB4FM3NGPUCYF7LH6VIV4JVZ6SEDP6FV6F7HVH,,,2025-02-24 20:27:56.000 UTC
soroswap,pair,CAFRE2UJJFZ557VWRBU5MFRCW2TWJWXMZLZLEVPIX2MDOV3KRICOL5N2,,,2025-03-10 19:44:17.000 UTC
soroswap,pair,CDIXSYDR7S5OLT56JM7G5Y5LHH6NEFINZOE2YG2TJEXHHYWKLV3FDCCU,,,2025-03-13 20:35:16.000 UTC
soroswap,pair,CAQJUHO6KIBTEDT53DKDPHFMQ32KDWU5MDCAZE2MXT4ECBMTDQQF5FGB,,,2025-03-13 20:37:57.000 UTC
soroswap,pair,CBFGP42OT2EHAQB55WE6N4JS3U5FAPT3RNFQYYORWT7VE7GQI4PEE7TF,,,2025-03-17 18:26:10.000 UTC
soroswap,pair,CDQE2IR23YR56HCQMCXXTQLE63DZX6ZKBB7OHBHATFTINLMS3PBTD3SR,,,2025-03-18 21:10:03.000 UTC
soroswap,pair,CBKOLOPL2K34UKBEKEW6H3GWBJKCYC77MWR6OZLNWMEIH6DLTUXEG75M,,,2025-05-13 16:00:14.000 UTC
soroswap,pair,CDWUJKZ6OVA5LO3VDWU54WY5DM2XD2O4D2VV7P3ZPK7PLADIYV66GIFC,,,2025-05-15 09:02:34.000 UTC
soroswap,pair,CDOS7DHTHUNENP6X32SFDN76JAWTU7IFSEDBJEJPDWZ4PQCSTJFUSZ56,,,2025-05-28 15:28:59.000 UTC
soroswap,pair,CCRCDZFUKKJLFIK22FHG77VEWWY2AWZFACFI5IZY465ZWALZPP765N2G,,,2025-06-02 18:54:55.000 UTC
soroswap,pair,CBOGW2GXIAHKYLQEX6DSM7325BNGBZ7W5G6ME4ACADZPWTSIJGU3XOSA,,,2025-06-03 00:12:22.000 UTC
soroswap,pair,CDXADLBNIQK5STJVEBOK2CMJPCN6EUUZ3MYPUOMXQ5VBNREGFEIF3PT5,,,2025-06-27 20:41:24.000 UTC
soroswap,pair,CDZF6KASJFUZEQDUHWOAK32YAGH3CWCU5RHQABGNAGV66LLOYAE7TNBS,,,2025-06-27 20:44:13.000 UTC
soroswap,pair,CC3YA62KSG4FJGH3FHW6NMVZBC5KMYPJUBIAX45AYNVOU573YJAC3H4A,,,2025-06-27 21:23:15.000 UTC
soroswap,pair,CBV3S4KL67WUJNR345NIQP6PVEEZI5V23NWLAUPNNOYVKWB4MQBC2AAT,,,2025-06-27 21:40:09.000 UTC
soroswap,pair,CCWHGNBIQ67FQ4Y64UPTRZR3DSZBZ7CZPQ3NK3EIMNR7WWUVBYX4RCAU,,,2025-07-07 18:55:29.000 UTC
soroswap,pair,CDQZ5GGV5GHWSJXU2HF5SRDQ2R7ITVQCD6JJUBZ5MUOBRN4ZWGITWMHG,,,2025-08-29 19:50:04.000 UTC
soroswap,pair,CA2TZIB56KYKD46F7IFBF6XPO5TDNK6N2U6BRTGZ5AF4WUSBN6BKZMGF,,,2025-08-29 19:57:01.000 UTC
soroswap,pair,CBH4R4A7CU3NQGD3FM25LQ2Y2OB7LWEXQ4EKAXQRFMHCW3FQYX6S6T4D,,,2025-08-29 20:43:20.000 UTC
soroswap,pair,CDB4Y3T3TALVQ6O7ICAPN6ZPIBAYW3ORYPP3OYFVQMSA3IYI4ZC246XY,,,2025-08-29 20:48:31.000 UTC
soroswap,pair,CCPFMEMWFD6BEQYZAE3J2O7H3PZMDQVHYQMTH3YVVCAMQEAVQGI5RP6X,,,2025-08-29 21:04:29.000 UTC
soroswap,pair,CBC77SIWYS42WTCCH44ZVQHASSIWOCHGVNXEO52AWCBX3QGGB2GG3FUD,,,2025-09-09 14:22:56.000 UTC
soroswap,pair,CATLGF6NNXFSU4TGBKT3GNQHOM63YTRTSX36DWCT2DNEEH5OOOEHKQSO,,,2025-09-11 12:52:19.000 UTC
soroswap,pair,CDX62LEBSX3UI6U6HNBJIIWQRGOCXKYKQ5MA6TRZMM4DSK2U7AECS4NO,,,2025-09-14 16:14:27.000 UTC
soroswap,pair,CB3CBFWCLES4VUFXDYKH3KW6SO2XJEH3SJSPX36FHLV4I544M2CI4L63,,,2025-09-15 16:29:00.000 UTC
soroswap,pair,CA53URIS7E2LIWASEH7IACBU6FB3EBUYPNW5IRKZBHALRNXLZ3DE7XTP,,,2025-09-17 16:05:58.000 UTC
soroswap,pair,CCUXNMGJHJCESBYTBK55THNKAJJXSHTIP5Y7C4NA6OS4P7VCZXFYVPKG,,,2025-09-17 22:08:58.000 UTC
soroswap,pair,CAMHJADKHNVEPATAGWR64WJELSXQHMG7V2XDMZUW4B2NF7L4OSZNAUDZ,,,2025-09-17 22:53:39.000 UTC
soroswap,pair,CC4SWJHU3YZMI2QBYCXUS4E5SVE744AGF4HP3VQMXZ3WKZ5OGYNKL7H6,,,2025-09-17 22:54:43.000 UTC
soroswap,pair,CA2GDZI6CSRMKA65WDVN37WESKK4DBU72SGXGQ27S5XWFPAPJLQHLUVM,,,2025-09-17 22:58:17.000 UTC
soroswap,pair,CD3ZXYEAE5JC6G2VTFEAF4SQ6GOURE5AX7GYSKKO74IR2KSUDPXZNRWS,,,2025-09-17 23:00:09.000 UTC
soroswap,pair,CDUVR3BIIXKGZ7ABHYGCZUJ2PKZ5G5OJ464GCHDPPOAQ22HVODFLQLTV,,,2025-09-19 14:18:05.000 UTC
soroswap,pair,CAZPU5HGCUBXFCMSUIYM2TW6KPDALHOVQN4UBTLQU6EH637J3UADSISO,,,2025-09-19 14:20:28.000 UTC
soroswap,pair,CAYHG44QUYSMQOXLZUMAI5VC7YHU7F4RQJ4NVGX4IY7OT77KPRU5RFIP,,,2025-09-19 14:21:22.000 UTC
soroswap,pair,CD2A3X2D5ITHYA4DQ5TANYWAUAUP4G5QCMQILCMKXCXSR76OGNIC3C6N,,,2025-09-20 09:34:21.000 UTC
soroswap,pair,CANWE5SKHS37QAOXVF4DEKXOZBWXYUOYJFLKLWTV72BZSSSKEZ44NUMY,,,2025-09-20 11:05:10.000 UTC
soroswap,pair,CCQWSCDRVVF7UMMZ7JO6CDNE4BFL4A2WNNHQWORJ7T46EJFU32UP7H3Q,,,2025-11-10 14:05:04.000 UTC
soroswap,pair,CC7WJOJ7KZPHVOOKSL23VTZFOSULTPDMHHUNAW2O4TG753LPQZDWZBQL,,,2025-11-12 22:42:11.000 UTC
soroswap,pair,CBM3W4ZWI6L42FP6ORQXLCWR23CF7FNEOHK5KHZPKVTM4JKSFG3667V4,,,2025-11-12 23:01:42.000 UTC
soroswap,pair,CDQJRR5OBGDZCCRLKNEJ262FL3UDGRQ3NX3A22YXITOUAM5JUDM4OUBH,,,2025-11-17 13:06:11.000 UTC
soroswap,pair,CBMOVRGJXOOBT6A5KUAGDJ7NGVDQ3KS33TUP47RSFBNA6MN2VFG3QGH5,,,2025-11-20 15:47:13.000 UTC
soroswap,pair,CBGBTY2GO37ZGZH6HQ3ZXT6YKGJFQOOMKRENTZ6H3R55GM27BFI2U5WJ,,,2025-12-13 07:12:21.000 UTC
soroswap,pair,CD23OGI7U4IXNG5X5XDBI3536KL7KRA7P2HVV25DZTN2M4RDSGD26CGZ,,,2025-12-13 08:16:13.000 UTC
soroswap,pair,CBYNLLELRCQNBZH6QPINZUWGCV6KDRM2KP2FU3HYI2YENCBJEQKKBKEZ,,,2025-12-13 13:36:31.000 UTC
soroswap,pair,CA6YKGT4XT6ISTMJTG5CIVNGY2DGSXZDIQPE7OFQOSWGE7CRSBEHLKWC,,,2025-12-13 15:18:35.000 UTC
soroswap,pair,CBR6VXMQDUR23OPJK2O2KAGH6UIMPXQ4W4GICY4UHEO5MDWD52DQZLBH,,,2025-12-13 18:37:29.000 UTC
soroswap,pair,CACVG65ZI2AALKJ33MNGOQNH3OGJOXPBFCQ5RPODYLO3SHRIPASUQ3EX,,,2025-12-22 12:26:17.000 UTC
soroswap,pair,CDZKYLUACJQ4GWZ2LTVCCE4G2NTSU5IDAU3HDNBIAF3JBQFZSM4ZEYPU,,,2025-12-23 10:03:55.000 UTC
soroswap,pair,CCDDXGQF3AA3N3PZDLJU5SFJBREMOKMQGBGWGYFTNMHB2V34M4TV5RTI,,,2025-12-25 20:24:22.000 UTC
soroswap,pair,CDV25APOZDCBL6FBWRQDJOV5Z6P352FHRGAEYTZZJB5SOK5W67Z7QWKX,,,2026-01-03 13:32:27.000 UTC
soroswap,pair,CBCH2DDP5WWJG53J3G4MEZM3QLCZZTKXKRUT6XTTFGHYCALVYN2ZF27Y,,,2026-01-11 12:33:06.000 UTC
soroswap,pair,CAWVBJEO4FYYX3BTW5EPI5ZOWCRNLADTNSDESJ24WTA4UOOODPUE352Z,,,2026-01-13 21:46:31.000 UTC
soroswap,pair,CDHZXL7LDTNMEWBDTGN3WD7BG5NNIEXVJO4EXJYKB7GBI5IYUQ4S4JOO,,,2026-01-14 16:09:46.000 UTC
soroswap,pair,CDN3LLHWKQKSKABVUGRB5TARVRSCM7H34SWUQ4AF53PS3QO66FMZACYB,,,2026-01-17 14:18:40.000 UTC
soroswap,pair,CDJ6T53MZYE5AYD3UMVJIV5EP5B2JJALUDN6TPM5DE5BB23YAS75AE32,,,2026-01-17 14:20:28.000 UTC
soroswap,pair,CCXWTRRFC5CNQIB2RUN6SEMO3ZYKQMEYZ3HBGMCRLS4MWGGIHS3UHBMX,,,2026-01-17 14:39:12.000 UTC
soroswap,pair,CCRCZDXJRAT4ECZRR677PZF2S3F2EDSGSVJ2RGCFUDLAVUMWXBXTG5JE,,,2026-01-17 18:39:48.000 UTC
soroswap,pair,CCEGCD2IVJ4EJLDVA7S2FDVSY2SUETLTETKPOX4VKGY3HVRDPUCJKQ4N,,,2026-01-18 13:01:37.000 UTC
soroswap,pair,CA4QHPBZIRW52JIDTBLVB2TYC76FXZCU5KN5XIDCLHRUNHY2FLRYUNFO,,,2026-01-18 13:04:14.000 UTC
soroswap,pair,CAMNFZDPKCZ4GX44N2QF7F5TJJU5WMW4IKRW3JGMMNYRHAP7JZ35ERRB,,,2026-01-18 18:09:56.000 UTC
soroswap,pair,CDZYG4RE75T4UFVUPP3V5LPBZ2GRGXZURP6LPUPADYRGWMTJXS2N5JXI,,,2026-01-18 18:16:05.000 UTC
soroswap,pair,CATDYBHL27U7VNFCH2WBLMUWICDEZQLI7MDF4QBWS6QQN7CMPY4S62VQ,,,2026-01-18 19:53:34.000 UTC
soroswap,pair,CDXTN5K3GD7O5WTWCNM64FVLKBPVTVQ5Q4ATAKSPIJLCGD7AHZ3GJBFX,,,2026-01-19 11:50:39.000 UTC
soroswap,pair,CA4ZLK4UWR52MHELS4AFFW2B3G465CHS33LXJSMGEP5RXXOZPFRT5ATE,,,2026-01-19 12:45:31.000 UTC
soroswap,pair,CAYBFXTNCRG7FIAXTAAXSGFNMCH3JV7XRNEISWO66KUPE5TKKSE4MN4S,,,2026-01-19 12:53:35.000 UTC
soroswap,pair,CBIIYXKM6ORDF4P35THFPH243GFY7UT4A5RKDAU3SN4YODO6JZOYK2NK,,,2026-01-19 12:54:22.000 UTC
soroswap,pair,CBEJ7TD4AELML32JK2Z3MCW6VMZNYWG7F2SNKH5RVH7B3K5EBDQGDPO3,,,2026-01-19 18:37:10.000 UTC
soroswap,pair,CDX7IXAJW3IYBFD456HXMBYTH74SFSWUUTMCGWJGSLIU7N6VLM3V3P5Y,,,2026-01-20 18:09:54.000 UTC
soroswap,pair,CDAVXXLDU62CV6ANWGAJ4SL6FG4X73FQ47X7EIXX5AZSTF5OPFMBQLHC,,,2026-01-20 18:16:09.000 UTC
soroswap,pair,CBWW2PRDUNNEC36HX4S7DQOQVIURHQRV4RIW5TNZPEQ4FKQ5YFLNQNTH,,,2026-01-20 18:16:48.000 UTC
soroswap,pair,CC6BBRXFGYSEFMGRB3PYRZTLUJKZKY224ZR54PSV32OJDPJYEQTTEMV3,,,2026-01-20 18:17:34.000 UTC
soroswap,pair,CAK2S7ZKRDYAD6PPRMLHD2UNFOXISVJV6O6JKHJLJMNG3CMPWZOPEVEQ,,,2026-01-20 18:19:32.000 UTC
soroswap,pair,CCBCJUEVQQP45LSXIXLBYQJR54PJK2AJGWYHMHMLCSBNDYOE5N4J4DY3,,,2026-01-20 18:20:54.000 UTC
soroswap,pair,CA5EANERLJN6H3TXDONNEDGHMPZ4WVVRE7WUEWW2VKVBIEY4GIMHTGYY,,,2026-01-20 18:21:42.000 UTC
soroswap,pair,CAWGLVXJJRR5ZBUBRPWVB7ISG5BEBEWVHYO57F7MER77GKBZFN5WK5BD,,,2026-01-20 18:23:30.000 UTC
soroswap,pair,CATVK4RAJ7LOFPSNR2X5XYRE5H7IXSXRTA6BW7HYPQNR4P3QSJCRI2GH,,,2026-01-20 18:24:27.000 UTC
soroswap,pair,CAIJ6CRQ75LMO6XTT5REOECNP3SFXFIGWQZYLMIZWSCLJUEJCIGWCNUY,,,2026-01-20 18:29:28.000 UTC
soroswap,pair,CBEQFPTW5X4DSME3WF4O35JLCCNKZ65UU4NQUQHG3GGDY2GB6KUA6MND,,,2026-01-20 18:44:42.000 UTC
soroswap,pair,CCJWM4NAP3WGOSX6SHM6GTEUDYWAK7BQQVOQWL36AXGL5XUF3Z2FOJUJ,,,2026-01-20 18:46:26.000 UTC
soroswap,pair,CCCPF2EKUDDMYR25YDYF3N4RWKDY7HJUMAEK2L44WU7QESXNSSW6U2E6,,,2026-01-20 18:55:52.000 UTC
soroswap,pair,CCEPISHHBWHON4ZP7ZO5QOMWNFNA4M76V6TLCMF3WGRPDLYKVBFZDUO4,,,2026-01-20 18:57:41.000 UTC
soroswap,pair,CCZRHMWWUVLSGC4IIVUQLYBSTNVICPUWSXPM7XBQK5AAEAYLNEXVZXHM,,,2026-01-21 10:31:38.000 UTC
soroswap,pair,CCRB7IVG24VFWFZAQ6ZFAPAE4JR5NPQDGKDYVGRXBBU5TPDZXGTTYG7O,,,2026-01-21 10:40:11.000 UTC
soroswap,pair,CBGZXVK7VMKAYRZFSJX7ZTMKHSCQQ6UWOLCIBXDC5EEEUIOZAC4MEC7M,,,2026-01-21 14:39:36.000 UTC
soroswap,pair,CCKA4QW63J3YBNZT6MPQG6AHKE3MHAPNYNNHRQKYAWX63XYYGKG6MSJZ,,,2026-01-21 14:41:23.000 UTC
soroswap,pair,CCY5ZB76HYIYVPKDSUFPCR3QNEXODTC2IRRWGJUIVUV7SLMOSAKG7USW,,,2026-01-24 14:43:58.000 UTC
soroswap,pair,CDPU5RPPH3457WDRYUYQ6YI7NDEK7NMGCO2EOGUPLFNUXN54U65H4WFX,,,2026-01-24 14:45:14.000 UTC
soroswap,pair,CBHKJH4G5N4TUUGE3WIQRBNT4O3C72VSJY3Y7Q4ZAUW2X4GM7YE5CQSX,,,2026-01-24 14:52:03.000 UTC
soroswap,pair,CD5UIB7YFWFTE4OFWD43QSCM43IHDEP3YQ44FSGJLQO7NAWBVBTTAX2A,,,2026-01-24 14:53:04.000 UTC
soroswap,pair,CBLZPTTPS2KXQBZQ7G3J3GWR46YRFUGAMP37FXJYPA6FDV4FGGEVZZGE,,,2026-01-24 22:09:16.000 UTC
soroswap,pair,CBORFSKT3HMYM4LNPNR5KYF7WSJDCRPA6TFKWOV2NAZDKBOV27UDLHT2,,,2026-01-25 20:08:46.000 UTC
soroswap,pair,CCFX65SFE7AY7XT5FOUQUVROYST5J2VZPA4ZBYFCOWBS6IHLTSI5NDO6,,,2026-01-28 17:40:43.000 UTC
soroswap,pair,CAEYKKSVC4X2I5VFDX2Y4J7POLCV4CXVVQ6WJDG2CN5HJ5446ODJ2WSP,,,2026-01-28 17:48:04.000 UTC
soroswap,pair,CCTOJEUQTPPPTIHCPSDDPOEWRQDM2B5XMTQKZH4GUIV3D27ZCXLKD6XB,,,2026-02-04 19:56:36.000 UTC
soroswap,pair,CDBFES3KWRBCP3TSRFVOGKYM4JQWRB743PSCQUORXF3UT7KSMTDTDEZA,,,2026-02-04 19:58:03.000 UTC
soroswap,pair,CCUDOVVFJGQMHZMXRUNCUJ55MT4LAS5ISVAFU56JXTTXWPR6J5PSIG5L,,,2026-02-07 12:32:33.000 UTC
soroswap,pair,CB5N6GDGH6YDHTLH6WBJBF4Z3VAAMMTEKXRWUQTL3JJ6P4UAJA4CUFVY,,,2026-02-10 14:16:03.000 UTC
soroswap,pair,CDENQLETAFBSGZKPPFGL7ANOXZ2YWVOMHNT27NEBMYKZNY3NQQU52UYR,,,2026-02-12 12:48:19.000 UTC
soroswap,pair,CBK5HCWOFNEUHUTK2RMFVBJWNJFYUVMM2TFTZXYJZTBTUQKOZ4WCKMIZ,,,2026-02-16 09:59:31.000 UTC
soroswap,pair,CALPKIZXQUYUIQW2OHBAMZL2TFTMBWLJ7ZZZFQNEIF5EXOP4HNERXPYR,,,2026-02-16 12:45:35.000 UTC
soroswap,pair,CB273SYEYOJ5FLFNQIWDAERIALPBBSMSP23HUTJVXAK6ZNHPKUO2JGJL,,,2026-02-21 15:37:41.000 UTC
soroswap,pair,CAYDEWTUBBGTO46VA2BUIMGCLTFR4QIUH3NOW7MV42LJWWLPHTWPSUWI,,,2026-02-21 15:41:15.000 UTC
soroswap,pair,CAS325DAUKPCMVOVIDZVMN6LPNAJPKLF7G2KGV5IMTD7ZWZHUWOJG5Y7,,,2026-02-21 19:03:29.000 UTC
soroswap,pair,CCEYJMU6E4JUPDGJBPZBSNXWINE3O4MFIN22J43QGJB6H7S3QS5K7YEN,,,2026-02-21 21:34:41.000 UTC
soroswap,pair,CDOJ4AKGGZPUXB6BR42IDYQZTJZYUTW745W2775P3OIVNA2E7ECHPQEV,,,2026-02-21 21:36:56.000 UTC
soroswap,pair,CC4EEYGYKJ2R6AFCAO2ZWULUJUOWZSY7T7RV37C2IF4RNMJD45GYZBSY,,,2026-02-21 23:20:56.000 UTC
soroswap,pair,CAAPWLKT4TPUOEBADNV5AKJZJLOO7CCTZF2A7CAFD3U45LAGCGULCWG2,,,2026-02-21 23:24:03.000 UTC
soroswap,pair,CAC65OQSJMP5GJC73VS6Q3VRWJLY3EXX66UBMRQVBFWPAUEHSZGBM2LZ,,,2026-02-21 23:26:10.000 UTC
soroswap,pair,CC7K5KU5VQB22TIM57K2BXC4NH2CCIQ6W4E2QRRDREREWXXRDRYIYCAD,,,2026-02-21 23:28:26.000 UTC
soroswap,pair,CAIO7I5V7OBZQEHDGACBBBX7NOFUW2CUWDTNCDW5LISWCVLE6GX54GWQ,,,2026-02-21 23:31:46.000 UTC
soroswap,pair,CBTTWB36ESA6HVMWG47IA6LKSDU2HVQEOR4SF5YKT5VTZLBGJBECWYTF,,,2026-02-21 23:40:06.000 UTC
soroswap,pair,CBE7H3ZE4GNR5C62VEWAFWRGJFPP22JTEHKBGSKBT4N3RKHCM2DUFDUM,,,2026-02-22 19:20:04.000 UTC
soroswap,pair,CASGDXH4TNCGJIIKOYSWV32G2TBFN6BJIEDDH5HSRDV4CZZDVKSH3SGR,,,2026-02-28 09:10:50.000 UTC
soroswap,pair,CCWX3RMBJIHSUBRZ22TMYHVGMSLUK6OMDYCV35JSQD76HZ2BCD36RSLL,,,2026-03-09 15:42:59.000 UTC
soroswap,pair,CDBXQ2QEBLPCD5EYQT7KMISI7GBD75NMG5ONVIUI4SPREWYZXDHPHLVA,,,2026-03-10 21:40:55.000 UTC
soroswap,pair,CACE7ARBSSCQQCHSH4KPQPYJJRW7TQ4RJ7TDQCRJE7S7KVA5IATFBL2I,,,2026-03-11 08:49:09.000 UTC
soroswap,pair,CCT4X2T3FVTV5MM7THK5WAFR6BTQG2JPSWCCQV4WGKSKAR7FHFTE7S5W,,,2026-03-19 17:49:35.000 UTC
soroswap,pair,CCXGYRJO23KBROL6JZGH6WQPHSTQON57CXA64GSL6JYM3LCM3VSCQRCA,,,2026-03-19 17:51:25.000 UTC
soroswap,pair,CBMARVBBQEIIRILLIRN67Z6SDHOEYQOOXG3JGV2YDFAIMPUPXUZJCHDJ,,,2026-03-22 14:08:31.000 UTC
soroswap,pair,CCZP6VYUM4ICCI2CUWETLDRVBURRQYEJKJIA43DVXD5HVHGMOS6NMCA6,,,2026-03-22 14:17:12.000 UTC
soroswap,pair,CASDSU3PBSFYJ4ZX7I2HHFDNZBBGKJFFXT6KOALA6DPMJBUTRG7XDLZB,,,2026-04-09 16:48:19.000 UTC
soroswap,pair,CBFAK6ULL5CRTSXVB6CCDXOZEIP3BB7YQEAIFJWYNWBI5TJBDR3LQCWO,,,2026-04-09 16:48:25.000 UTC
soroswap,pair,CASLW2HTWADMAETZTMZY3MW2FFDUPZDDT455LKIFALBNI2WAKPT5CXU4,,,2026-04-09 21:07:59.000 UTC
soroswap,pair,CDS6VE7AG5SRR5AZSHHORSW3JCARULMOAHZEJ7B6PBQICAQYQNBGC7XZ,,,2026-04-20 00:58:33.000 UTC
soroswap,pair,CA3UQVOTE46GW4G4Z7VVMMKXMLKGXER6ATX4ZF3OSBI3XFWVFXBDOAU5,,,2026-04-20 01:01:16.000 UTC
soroswap,pair,CB277MON3UCAO7IFIXJMY5SH52GE6MHOFJTY4WHP4W4JZRHGUXLQCIEQ,,,2026-04-23 15:06:57.000 UTC
soroswap,pair,CAZZVDGSV6AJVKRFUABWS6KOGN4O6X25ZRGXLENCKKSB42CBUGHLAG5O,,,2026-04-28 14:57:42.000 UTC
soroswap,pair,CAQL6WQSDOCSZILAQUNG3VHJKZJ3OERBVVNRL5L4NRQBQ25QX34Q7U3C,,,2026-04-28 14:59:51.000 UTC
soroswap,pair,CBBLP6FRJHG2N2NKSQ5WCOGVFXRHKM4LB4IS7CI2AFVSVIO2KFM3PGUC,,,2026-04-28 15:02:15.000 UTC
soroswap,pair,CCLSNOVRNNNOD752L3PK7FUFY2WFN35O5XRWOEHCQC67BJ4K3KVJTDOW,,,2026-04-28 15:02:57.000 UTC
soroswap,pair,CBK3GR5PMPYFJWI7GLZFLMXJCYR6I7YHK4ZXUTH47OHTTE2IXBO4GHUW,,,2026-04-28 15:12:07.000 UTC
soroswap,pair,CATSFUFMFXOXXY6NONWRA24NUWA3J6BPLIK2WGO5ZVOYIN7QJFGHNCAI,,,2026-04-28 15:42:52.000 UTC
soroswap,pair,CCJLX3QW5SY3GIQG373HUFZWCWUGNNH6CQXJPN4JRVRMVHVHDLBTBNDG,,,2026-04-28 15:43:26.000 UTC
soroswap,pair,CC4S3VFV4UHIBAKUUBRLSIQTGA33NY4DF36A6ZT7GNJWJFUDZBZNPNUS,,,2026-04-29 19:17:00.000 UTC
soroswap,pair,CD33XO4VQ4ILDIUVARIROYYNA46TVH7B43MCCU2D3MXQL5PBNMXFOJX6,,,2026-05-20 15:53:22.000 UTC
soroswap,pair,CAQVHGJNJBHOGS4ND6FXWIJNQSP7GGDDMOMRQECVE6EJ74VKTNQELFVI,,,2026-06-01 03:53:06.000 UTC
soroswap,pair,CA3PA2NYEY4FBMCXPN3IUWYHBFFUNL6ZECXXZNUVJHPIV2ASI752THAB,,,2026-06-08 18:21:32.000 UTC
soroswap,pair,CCJIB5BVCZ23ACKXI3DE44U7HYISC7VUKV7VTEICI6IV62TMUAQS5CPG,,,2026-06-08 19:25:45.000 UTC
soroswap,pair,CD4PJH2GGSAGBFP2Y7HOBT5A56PE5TQX4RIU567SLOBLGMIAG7MRXNAP,,,2026-06-08 20:19:09.000 UTC
soroswap,pair,CDYRXTIUEUNJ3SVAKVWKKRK3CZVIY4WOG6TAQU27R777ZHNOKNCO26NL,,,2026-06-21 04:13:07.000 UTC
soroswap,pair,CBS2CJ4PY3MJE7K2C7JVKVZIA3TWKQF2DX6TRYREVSNCYSESME7EQDSR,,,2026-07-09 12:28:24.000 UTC
soroswap,pair,CAZ4Z273BBAAFL5NYNQJKEMZDQBRCPKAS4GOXDUFXPSE56M4ONBJUOVD,,,2026-07-16 10:01:32.000 UTC
soroswap,pair,CDB4QUKLJ47JV6XKMKSVS6IBRQAFCYV5HJFQWNNDRR65YTK5QQZVXS5J,,,2026-07-21 12:00:28.000 UTC
soroswap,pair,CBLPU5PS44OLUY3QLMJMH25R5FZB4LNA6P5ZXKZKYFPP5PKLN7O7JY5B,,,2026-07-27 09:31:34.000 UTC
soroswap,pair,CAQCOPJI3Q6PIJZ7NK3D64KXTEV4G2JJ64EEQXPQ7KELD7GBWSBG52NF,,,2026-07-27 09:34:22.000 UTC
soroswap,pair,CDDAAA2X2F3XMRUFNNTXJCXOKEUGS7XA7OWTJLRDU3ZELBAARWCIZQ4I,,,2026-07-27 09:36:56.000 UTC
soroswap,pair,CBUIULAWELK3QWVO55TUFKTWE7BHC2BOESOIIV3FJKG47GAZWDUMOZFC,,,2026-07-27 09:44:20.000 UTC
soroswap,pair,CDB6WMOAPWG6RJQYXOIYQHNQNWEZNFAKQ2HL7J5UP7GLV4BR33NFWLGR,,,2026-07-27 09:46:34.000 UTC
soroswap,pair,CBPT27SQRK5QU342JQCTKYCE3GN7RHLVLMETE5JTI4J3DAIYLIUIW4P3,,,2026-07-27 17:44:36.000 UTC
soroswap,pair,CCUDPPE266TGD5XIUDDLZDXMGKEKDWF3ISSTPXVAKC57MX7XURHHZX4J,,,2026-08-02 21:47:01.000 UTC
soroswap,pair,CCUNQ2H6DVSIYHUV332POIRJ5UWPOU7CTQFEQTA3656GQVSFCBTI3I3H,,,2026-08-03 18:38:40.000 UTC
soroswap,pair,CCTLKTOHP6D3RDPWZK2AKX2YQDSPE6GGU5Z4H75JXRTYHEPMKJ5OAFOR,,,2026-08-04 20:39:55.000 UTC
soroswap,pair,CBK7NXZ4QOILUNNKIY5XFY4MFYNERK6PGVGTOKUCDPZK6EXIZALN7X34,,,2026-08-04 20:48:51.000 UTC
soroswap,pair,CBF4OXUUH2EGVHITIF3BGOEYJVWYO7DYAAAQJZYN435NYEQNIOXZL57K,,,2026-08-04 21:11:19.000 UTC
soroswap,pair,CA5JJHF5LKBB6LKFKOVVTOO5QE4ZPFIHULSBC5AB5PZXKX2J543HZQJX,,,2026-08-31 23:08:42.000 UTC
soroswap,pair,CAKST7SVAVUZPYCDJ7QIUFLHHDAZV6HOY74F3PSVN5EKBMAGEZDR5D3I,,,2026-08-31 23:09:04.000 UTC
soroswap,pair,CD2VHT23WGUKG7RWOSFCQLWDLGNPCTTKHO6LVBYYO2CVG3KZKHDIJTAA,,,2026-08-31 23:09:15.000 UTC
soroswap,pair,CBDAIZSNXOEKPJRDD56HFED5LKA2PUDAZANIHRRSMMSCH37P2I4W4CI4,,,2026-08-31 23:10:27.000 UTC
soroswap,pair,CCCDU62TWI744KFK6COAW2PARPVPXKKE3DBVBUZCFWZOGGD7HZ5YEY3X,,,2026-09-01 01:14:13.000 UTC
