token,kind,asset,symbol,decimals,layer_rows
ACT:GAHHULDPDVGB5WS5PH7BCGLJ7ZHECDBIIMKB62UPVDUOCHNFL7HX3FS7,classic,ACT:GAHHULDPDVGB5WS5PH7BCGLJ7ZHECDBIIMKB62UPVDUOCHNFL7HX3FS7,ACT,7,77
AFR:GBX6YI45VU7WNAAKA3RBFDR3I3UKNFHTJPQ5F6KOOKSGYIAM4TRQN54W,classic,AFR:GBX6YI45VU7WNAAKA3RBFDR3I3UKNFHTJPQ5F6KOOKSGYIAM4TRQN54W,AFR,7,180
AMM:GARQ7O5JPBD2DDVEFFZ2LVWH77BYSC7K7RMGI7W5GLRVSWPHZBNGBDOQ,classic,AMM:GARQ7O5JPBD2DDVEFFZ2LVWH77BYSC7K7RMGI7W5GLRVSWPHZBNGBDOQ,AMM,7,12
AQUA:GBNZILSTVQZ4R7IKQDGHYGY2QXL5QOFJYQMXPKWRRM5PAV7Y4M67AQUA,classic,AQUA:GBNZILSTVQZ4R7IKQDGHYGY2QXL5QOFJYQMXPKWRRM5PAV7Y4M67AQUA,AQUA,7,164
ARS:GCYE7C77EB5AWAA25R5XMWNI2EDOKTTFTTPZKM2SR5DI4B4WFD52DARS,classic,ARS:GCYE7C77EB5AWAA25R5XMWNI2EDOKTTFTTPZKM2SR5DI4B4WFD52DARS,ARS,7,3
AUDD:GDC7X2MXTYSAKUUGAIQ7J7RPEIM7GXSAIWFYWWH4GLNFECQVJJLB2EEU,classic,AUDD:GDC7X2MXTYSAKUUGAIQ7J7RPEIM7GXSAIWFYWWH4GLNFECQVJJLB2EEU,AUDD,7,3
BASH:GBQ42A3K32ZFOKGB3JJCDXJW7LNAS3GEPQM7J43KYCR7OKVIUON7D65N,classic,BASH:GBQ42A3K32ZFOKGB3JJCDXJW7LNAS3GEPQM7J43KYCR7OKVIUON7D65N,BASH,7,26
BEN:GB3RF5WN3FDIMORX4A7PRXVNGQXSQAJRBCILM4EGQDRHDXK4XYUDR22J,classic,BEN:GB3RF5WN3FDIMORX4A7PRXVNGQXSQAJRBCILM4EGQDRHDXK4XYUDR22J,BEN,7,7
BLND:GDJEHTBE6ZHUXSWFI642DCGLUOECLHPF3KSXHPXTSTJ7E3JF6MQ5EZYY,classic,BLND:GDJEHTBE6ZHUXSWFI642DCGLUOECLHPF3KSXHPXTSTJ7E3JF6MQ5EZYY,BLND,7,63
BRL:GDVKY2GU2DRXWTBEYJJWSFXIGBZV6AZNBVVSUHEPZI54LIS6BA7DVVSP,classic,BRL:GDVKY2GU2DRXWTBEYJJWSFXIGBZV6AZNBVVSUHEPZI54LIS6BA7DVVSP,BRL,7,5
BTC:GDPJALI4AZKUU2W426U5WKMAT6CN3AJRPIIRYR2YM54TL2GDWO5O2MZM,classic,BTC:GDPJALI4AZKUU2W426U5WKMAT6CN3AJRPIIRYR2YM54TL2GDWO5O2MZM,BTC,7,37
CA24YHOWOAMM3MCX2VDEWTZNWJVF4NF75YW4KITG5CV7RBZSYHR42JYF,sac,ADA:GBMKRWPB7TVA6A7LBNNAQMR4OZFCGAPFEJM74FGMW6JWSFZJHJEJPCZR,ADA,7,7
CA2AUJCA3XOW7USND6DIFHHWXN2LU2NXQUJU7DSBTK7CYOWD4352R2UB,sac,NEWGOLDQFS:GC2CRMM43LUYK4ER257WC7AYFQ4WYPKZFHFHWPECIDZVEEPILS7WGOLD,NEWGOLDQFS,7,12
CA4L5XQ7FY7BTJAAD6VPW6JPSJ3M2A62BBULXH7XYHLHAOFFY6SBT2Z4,sac,PSY:GCH3HFAY25TU2CPUEMF7OT7PGHUMXQITQQOOKZV6VRETY7SCEPARAEGO,PSY,7,598
CA4SNE3QSQP2AUQHVY4V55CMPVO6CO4ELW7NV2AY6YZCLNACBXZSMEZD,sac,SHARKY:GCCPSFI22GXVPZ5CPCN7S42FILNYTSKNIHU4FRRDIQ5WB66DEZN24EXI,SHARKY,7,48
CA542DNMHOE6OZISRLS46MFMFHLDTIITXT2N3I3UENJD2E3BT56SLXG2,wasm,,yUSDT,6,2
CA57LR6W4XP7HTGJ3HZEXH7SVTMBPUBEUN5UI3WGB5HFKDMEECRJMXBZ,sac,SILICA:GBDJWO2QRXHSOBQOPSZAK6B4COVPK5NMQI62XHC4L7YNYOSYCDLCVENZ,SILICA,7,11
CA62YIEXFHXNLIDW5TN5YVB6ILB5OM3HPGZIBFQ25QPIAUBVOBZ2CVFI,sac,QFSXRP:GBYWVR6O7H2PXRBFAVT6EKN7ZR52EFPYSG42VSX6VDC6CKWXD5FJ6QFS,QFSXRP,7,10
CA67EQNWGPGXHVT6E4HQ65WEV54KFDB6HJDHVCJM33VKZ7XKR5MN3KPJ,sac,GYEN:GDF6VOEGRWLOZ64PQQGKD2IYWA22RLT37GJKS2EJXZHT2VLAGWLC5TOB,GYEN,7,28
CA6FH7RO5YF7VZ3XDX4736S2YHIGCQBYGNWB7P23AM5OCQTBPDPIKEIP,sac,FADA:GCX3Y4MNI7ZQBQEZQMAXRFVODVFB2PRQS4LTUHP5B34MEYQQTW5LQFLR,FADA,7,8
CA6UGBC4PRUILK3J44WJMXLYKZXM7KEDW25K5B4A32MGX37UYT3C5VZW,sac,WHLAQUA:GCX6LOZ6ZEXBHLTPOPP2THN74K33LMT4HKSPDTWSLVCF4EWRGXOS7D3V,WHLAQUA,7,260
CA7GUKAYJP55EJR66D4TMRDUBXLCHIMMH2Y3A7HMG3RVF3CTKQ4QGLHP,sac,SECUREX:GA2PUKG3UWHR77DJJG2K6I4FU3WIYMPVRVOYAJ7TRUAIMQ3MM5Z22FBI,SECUREX,7,3
CA7UTNXJAJK5RVOXFRML2Y3DHRDQYUJN6DK72XWBW3OWCQS4UE2D4O2K,sac,XCRYPTO:GDIE5RIXTPGPY5OPJP6MMBSKCKFR5LL3ZSG6BFGPMKJ3G7VKQNJNBOWL,XCRYPTO,7,3
CAA6RLDOXVFTYK4TFKQH6V6KPAYJDQ56YH2R3Y5GF43QN2U7QEJKI7HZ,sac,FBIXRP:GA2PUKG3UWHR77DJJG2K6I4FU3WIYMPVRVOYAJ7TRUAIMQ3MM5Z22FBI,FBIXRP,7,7
CAA7SUKHSTHSERIXOR3AZB6CUPWVYDWHHTWH7ZZDU7QPVXJBAJQAUN6Y,sac,bond:GCTNNMOQUFCLDS3QAA4YQ2JJFJICVM2PF5XAWV3PPDNTQJLRQGOPCZJG,bond,7,1
CAANCS7TKC7IFWLRACKL4T4HMNMDUWSWNOL5EV244TVQCU3O7BM7N4VD,sac,BLTB:GBQR7IMFKZHNTQDRZZU3E3XHDX2IPS3MI3QZJ47I2HBMKEF5AOPEYMRI,BLTB,7,58435
CAAV3AE3VKD2P4TY7LWTQMMJHIJ4WOCZ5ANCIJPC3NRSERKVXNHBU2W7,sac,XRP:GBXRPL45NPHCVMFFAYZVUVFFVKSIZ362ZXFP7I2ETNQ3QKZMFLPRDTD5,XRP,7,128573
CAB3GWGLYA7ODVGTDF7NCE3RVBJJG3JR5E3OPY5ZWDMGPGGDDMG3QOET,sac,XPEV:GA4LMACSXJPFCZT2LYBDUJ3EB7VUZXMJAAFG4NZV33Q662PJAITAACNY,XPEV,7,5
CAB7CSQK7TNVYGVMYEMOAPM56S6WZSZD3MPJCZ5KFPCUVQ4X2VLQOQDT,sac,KRWC:GA4JBPWVFUT2FETDSMSGBYDGH4FROYB5SYKLVQO7WGNZHCSB63OIKRWC,KRWC,7,859
CABU32N37XHFAVIPVMYB5AZ4WZ2VVQK44Z37CLDE4RPKH6EYGIV4ATVV,sac,WNTR:GBBC5VTJ2L37CC6UU2AJIMUMLZLZS57HSRLSXEJSJUYT7GES26AUFIBR,WNTR,7,1
CAC743NYRBMS76L2DCPAXZTOEF6EJPKPVEC5OX2SXY7HOWNXISSLUE2C,sac,USDM1:GDM5QWWXCMDTQMZAKMYTCI52LA7FWBHAZMU5NJLMIFHDJISJRP2ZWPKC,USDM1,7,110
CACOHEZ4V5SCZSQWUNHVRGEYRNF7KSTQIKAZY3KSI6C4MC5KSXMX7Z7W,sac,RLUSD:GCZXL4WORNUA3M6QMSQHP37KL6FJYKMY6SUPK274243FQ7ZVH5TIBXLM,RLUSD,7,10
CACP5YDII6MYU3RXZFCJHIG23SE6QOPYZCRLOILQJ35KK6UGSLAHO5EC,sac,OVRL:GBZH36ATUXJZKFRMQTAAW42MWNM34SOA4N6E7DQ62V3G5NVITC3QOVRL,OVRL,7,4
CACWYXXYUZJLUKLRJUZRTXE6TKUPOJCSWXJQXS5M3RGE3ACTCXUPC6TA,sac,LMX:GBG6T4WB3SXJMOPLRDRCRKGRFTY5RDSL2QHMYFKJUBSZ36JE7ZNRSL4W,LMX,7,5
CACXKRVCW7I6CWX6RS6ANFDKVCOUI2PB6LTDUROL3J3FMJCRZ4ZLQRF6,sac,AUDD:GDC7X2MXTYSAKUUGAIQ7J7RPEIM7GXSAIWFYWWH4GLNFECQVJJLB2EEU,AUDD,7,616
CADUFDKX5B7WQN4HJLW4DZD5C737QSRS2X4PBVX3NFBZPULQYU4LRE3P,sac,yVELO:GCERNTL42Q4TPK7GVYDD7APOJJNID5YDD4PT4WFFH3ZWOP6A3UFUVELO,yVELO,7,3
CAE4ETNAS4NMY4PRMJAVB54Z2XFERW5FD5GDWBOBBK4GNPQHVWGANSHQ,sac,NTR:GB37DSNDTYHUW4ZS4JWXWP62X7TZHYAWZ6A2MKW5M3TOQPK5O76MRANS,NTR,7,1388
CAEAOF3XO62F3EE4A543ZXDKS4JOEYSUEIPJSYCCUXHJAMYTSX73NG46,sac,DOGE8:GAZA7REC44DUFVSGLAOEIBPLI7RUIXQ2ZCQ7VHJUXVSCSCEC3VDNJOHN,DOGE8,7,4
CAEIMKLTM4A3JHSCNZRUPJF3LHJUIYSG6SFXMHLDQBRNVI6PLF7WLPOV,sac,TASE:GCRPWI3OEBBDYL43Y2FR6GRGG2ICB2J3LEVAPYIRIL37BMH6RHQATXSE,TASE,7,7
CAESLMGW5LYTIEJI7FJHK6SFSWRELLNVX5Q4WR4UZEALMTRWQDBKDPAG,sac,VELO:GDM4RQUQQUVSKQA7S6EM7XBZP3FCGH4Q7CL6TABQ7B2BEJ5ERARM2M5M,VELO,7,145588
CAFD2IS6FEBUXWHAOH3G5LM4LMXIHVH6LAYRHUPYUU62NXH3I4TUCI2C,sac,CODY:GAW55YAX46HLIDRONLOLUWP672HTFXW5WWTEI2T7OXVEFEDE5UKQDJAK,CODY,7,17276
CAGI6PMA4UALFU75IFQYXVXJFMNIG2WWFVHBWMJOWBYOCXCOVTTLBDLR,sac,ASXBonus:GARDGCLHL42EXKDA4SFXKTDP4CZPEFZFZMV6PY6EP65727EDUYUZI4EB,ASXBonus,7,6
CAGJIGCV6TR5WX3I46J2HF5GQLTD6L3AZWSMNPI5UULHAUJKFL3N36WE,sac,LSE:GAOTJKPTK6Y3KDVYTN4QXHLOMQR7ITJ4XSI7YDR6B6RIPXH5HZMUE5P6,LSE,7,3
CAH5LKJC2ZB4RVUVEVL2QWJWNJLHQE2UF767ILLQ5EQ4O3OURR2XIUGM,sac,SODA:GDYUTHY75A7WUZJQDPOP66FB32BOYGZRXHWTWO4Q6LQTANT5X3V5HNFA,SODA,7,59
CAI6MUJRFWJ6C7EPXTLL4MEVBC2WPNVGFFHSYZG53GJ5N72V62DNNJM7,sac,FREEDOMCARD:GC4S2C77VQVIRLLUEF5SPSR4ALWVM2KS7XCTM3XKEYYT66JUOVK6JOHN,FREEDOMCARD,7,3
CAIDUWYDM25GBIQVQQ5C7EFVLL2AKX35L6265ZOW2UKINZ6X6IYPDLZ4,sac,Apay:GBDKPRMOLDHTVUFTQATMMFUBKRI372YPUTOSEH5SZAFRAAVADTUGSSMA,Apay,7,62
CAJZ36VD26EHWA5WSO7QFVVCK2H6NWWN7CJSZVOQP2NIMTC6W77NEJZQ,sac,PYUSD:GAHXL2PXFYUT7S2HO5QPJQ4DEAA7H4D3WVQGKCJEIA3TVW3ERNPQPFCF,PYUSD,7,4
CAKNTXNKZEGFFS5DHRICS4XAFAEZHO3CEC546LJAMVGTPJUFRAG4E5AV,sac,MNMax:GDCIMRRZE37H6UNDAEMO2LL6IJPLKZLGU7F3C4U227M22Q2Q2HA5PDUO,MNMax,7,1
CAL6ER2TI6CTRAY6BFXWNWA7WTYXUXTQCHUBCIBU5O6KM3HJFG6Z6VXV,sac,CETES:GCRYUGD5NVARGXT56XEZI5CIFCQETYHAPQQTHO2O3IQZTHDH4LATMYWC,CETES,7,31922
CALLENEEHRW63YKCIOLY2SR7PO3K6Y4DMUCAYA5ZMJ3N5JXFO5R4Y7J2,sac,AVAX:GDIE5RIXTPGPY5OPJP6MMBSKCKFR5LL3ZSG6BFGPMKJ3G7VKQNJNBOWL,AVAX,7,10
CALQO2BFINGHEG6H26XSOO7HLPXIJ3FLINPPN5OVNQKKHTFDUVILAAPV,sac,FEDAX:GCBB7GGZLCN6HQD75X5OIN3EFGUFRTP3X2VUBLCRD3WK2XHD247DFUND,FEDAX,7,3
CAM6B7Z7KQHYJWEZGAAXT4VGIJZT5FG4JKPPBLNBHJT5SRARKWKZL2IP,sac,PHOB:GBZLH2OWB6KMYMJCGAWIOUHL42355EOL4JD4TB4JKWZ43K63N2T2H3KD,PHOB,7,388
CANIDMEFQAKFECKVZ7GIIXQWTY35BPIBPBPUWNMUMR7VGBMVVLRCFLMT,sac,FOOD:GBYYKQYUY2XWVMM4VFCBJJVCCQC3QJ3BCLV4276DWHY4BQ7V5AB4U5VA,FOOD,7,2034
CANMX45P3KM52P4LKX242FBKL5B7XRYHLRO4XKEVSGCT6ZHLST4Q7HCD,sac,PALL:GCJXFDVEEFGQYBUCYD6XVEZJEHBD2CDIGBFJWX7UWAMYCO5CRRAMMETL,PALL,7,68
CAO7DDJNGMOYQPRYDY5JVZ5YEK4UQBSMGLAEWRCUOTRMDSBMGWSAATDZ,sac,BTC:GDPJALI4AZKUU2W426U5WKMAT6CN3AJRPIIRYR2YM54TL2GDWO5O2MZM,BTC,7,111050
CAPIOPSODD5QP4SJNIS4ASUWML4LH7ZEKTAPBJYZSMKXCATEKDZFKLHK,sac,NUNA:GCX2ENOVSSOOH6G4HIOBMPCBFXHDVDGA546NK3ZFX3NP3QS25BKZBWOW,NUNA,7,1
CARBON:GCBOATLWKXACOWKRRWORARDI2HFDSYPALMTS23YBZKHOB6XLW6CARBON,classic,CARBON:GCBOATLWKXACOWKRRWORARDI2HFDSYPALMTS23YBZKHOB6XLW6CARBON,CARBON,7,1
CARCEFDRTXNZADRJEN26MSIIA3RETKFYB4EJ6FFRAPXHJRPSCH6M2IEF,sac,EUR:GA5O7NTUIKYDPZSV3MNMIRFO2LCV5RJBNO7TNN7Y3MDO2IXRBSWDEO3T,EUR,7,6
CAS3J7GYLGXMF6TDJBBYYSE3HQ6BBSMLNUQ34T6TZMYMW2EVH34XOWMA,sac,native,XLM,7,3348044
CATG6OZMYVDBLY2P7E5I6RTL4RCTAVJXLL75L2FK3K556DKDELJ4SSWD,sac,NAFU:GBHA4FGPHX7KURMP7CZU7SQ2UOAGTAQ22SCHPK5P5XCQHZXCSVXQJFYB,NAFU,7,217
CATNYPHNO3U72V7ZVUE6QESDWTSBORW2BE7WFM3BQABQNNZQ32F2HYNC,sac,ZOMB:GBGMZVSIHG7QPMD2I7DYLNTYN3KSFEP47E32C7YCDGCWV4X5NLYVM3M7,ZOMB,7,878
CAU7TR4L52CSCYOLOPXPJJ7T6EMEXTEE4XKRH2ASY23EFYEMU5WUFYP2,sac,ACT:GAHHULDPDVGB5WS5PH7BCGLJ7ZHECDBIIMKB62UPVDUOCHNFL7HX3FS7,ACT,7,2513
CAUIKL3IYGMERDRUN6YSCLWVAKIFG5Q4YJHUKM4S4NJZQIA3BAS6OJPK,sac,AQUA:GBNZILSTVQZ4R7IKQDGHYGY2QXL5QOFJYQMXPKWRRM5PAV7Y4M67AQUA,AQUA,7,1251910
CAUP7NFABXE5TJRL3FKTPMWRLC7IAXYDCTHQRFSCLR5TMGKHOOQO772J,wasm,,xSolvBTC,8,208227
CAUWIZQ6DSI2DT5LVYC7Y7B7GUM75A45Y4YLSR35FZ5CKYJQGYUFLAHR,sac,GIFT:GCMYNJ7QN6A5UZJWBGBT2EV4TA3ASZMZKJRCVYM7H6DQT6225DGQGIFT,GIFT,7,51
CAUZG2FGLSMTQDLB2XHTRAOEZONR6MTDX6YG4K5D5PU3CUYDBHW7XK67,sac,Vanguard:GBX6PJT3HDVQC5NB6ET4PRBBRQ3BDLABP3WN6XMQZK7LSZWRIZF6JXLM,Vanguard,7,9
CAWC6XX3TNULIHUZLHUBSHBBXMUYVLWK4YHJCTZ4I6AKBD5GDYD5SIRZ,sac,FBIREV:GA2PUKG3UWHR77DJJG2K6I4FU3WIYMPVRVOYAJ7TRUAIMQ3MM5Z22FBI,FBIREV,7,14
CAXNFHKKINQMYMOJ7IARH2AU3HVDZJAD7JG75FC7XCMIK36JQXZIFLEV,sac,SUI:GATT265HCNOGYFQYLVNBANAIIF2POF3EY6VOUCMYVQQFOPKN2LWUXXLM,SUI,7,8
CAYUZVBHKNRZX544ROEQR6P2L47I7LQN5ATEESAH6BFD2NSHNJVEGPNV,sac,SOC:GAWAGHLBGZRSVTUND5XGOPRTZMMLLMZ5WPNTMIKPVJ35L2FAVUZMM5I5,SOC,7,432
CAZ6ISXEH5EZROKBAAPZO6C55ZILT5QYPNTAT7P4JN2OFWIHSLHEHDMR,sac,bEURC:GA57KXF2UAGURRYK4LKTO4BO2JASL2PQCO2C53XUNK5G4CXX6QAL6QNR,bEURC,7,73
CAZKVSXSSJVGNJLTTTKW5EBLN5ESIETMVNFS6F2C5EL43ITD5FYNBPH5,sac,TheWhiteHATS:GCTXCQ7DA7I5KVZZO4B5ANSXFGP3ZUME7TB4674JFQYKNNNBKLB7HATS,TheWhiteHATS,7,4
CAZQYRFG7A2CZTZ2NEODHZGIOORFFKOEFV7WWZOBJEYXER56ASCUBD7P,sac,GQX:GD7TC72O5HML5UMZXQCIXGBR4KJ3MYM2ICPOR4BBN56K6JUSRVWTDAQF,GQX,7,132
CAZXEGGIF4PM6PLLVOQIYCMCOFQ3KDIHHMXHLTGOHJL7W7JKIUAC7K24,sac,BASH:GBQ42A3K32ZFOKGB3JJCDXJW7LNAS3GEPQM7J43KYCR7OKVIUON7D65N,BASH,7,265
CB226ZOEYXTBPD3QEGABTJYSKZVBP2PASEISLG3SBMTN5CE4QZUVZ3CE,sac,USDGLO:GBBS25EGYQPGEZCGCFBKG4OAGFXU6DSOQBGTHELLJT3HZXZJ34HWS6XV,USDGLO,7,3291
CB23WRDQWGSP6YPMY4UV5C4OW5CBTXKYN3XEATG7KJEZCXMJBYEHOUOV,sac,KALE:GBDVX4VELCDSQ54KQJYTNHXAHFLBCA77ZY2USQBM4CSHTTV7DME7KALE,KALE,7,3128
CB2J5FHCJJBQE5UPQ5FPZAWIEQD5KKP4GWLZZ3QT5EFVIT3FW5CI2OGK,sac,BLTC:GBQR7IMFKZHNTQDRZZU3E3XHDX2IPS3MI3QZJ47I2HBMKEF5AOPEYMRI,BLTC,7,28897
CB2UMFX5TNEUNT6F6U3UHZJFLJTWHDHQK3RZN4ZJFFGN2DAK7VQDAQZQ,sac,SAVE:GBWKWJTPYLDEIUZ3EZ34HGXWRQ4R6DUCNLG5SIT72RL243IJZLLG5UOJ,SAVE,7,355
CB2XMFB6BDIHFOSFB5IXHDOYV3SI3IXMNIZLPDZHC7ENDCXSBEBZAO2Y,sac,yBTC:GBUVRNH4RW4VLHP4C5MOF46RRIRZLAVHYGX45MVSTKA2F6TMR7E7L6NW,yBTC,7,8178
CB36ROHIONNOPFOXVUICM7SZYFXFNTN7NXEHVO6VUJDPTJ6F7AVU6YB7,sac,MRBEAN:GCFNH2JPRB4EFNEDCRMTR5HZLZWM5GJ2LYIZOT2C55JCV6XVJNG7BH23,MRBEAN,7,3
CB3AA32WCAM5OHGV54QMV7AH3MSZ5HNYZOG4EV4FHTVEX5L6PIAQWWNK,sac,VNC:GBZGDJEYH2JWUQISQ7BXVI347SC34YCWMRYNERII5Z4EQWBA5RWB552S,VNC,7,5
CB3I5U7S77W52EZ62KAP6LASOMWR3NWK34KLXLULVRAGUJ3HTRK6ZDXM,sac,Z:GCJHKZF7XZSGSUEALQFX7BDTH5QPN5RFNEYNBZYIRY2KI3ZC7UOECWQG,Z,7,2
CB3XJSHIRRMTS3X3K547KTX5U5IH5WY22HADFSG4HRT2UBJ4IKRU2ZAN,sac,FEDID:GBT2VNTGFZJ2NYXIZY36LY45POXGICDFJZKCCCHFGBM33FZZHVSHOFBI,FEDID,7,3
CB3YA656OYIHU57657I5KGSBRHE5I3OZU4VFC22PYAOANFZHEWNYGAGP,sac,USDY:GAJMPX5NBOG6TQFPQGRABJEEB2YE7RFRLUKJDZAZGAD5GFX4J7TADAZ6,USDY,7,10554
CB4XKQU22T6OCWCIJRK3VVDPD4T2Q5O376Z5JCJ76BWRVUTJNMDH45JF,sac,RBB:GBS6TTPKSKQAFZWSSDR3Z4G23RYN2WGEHCWFJO7JV42LFDGZWPWO6CNY,RBB,7,19
CB4YK5LZG2EGRHJOS4WNX7AAFP3RR3RS5YJUC6D52V2HDT7EQO2QDF6T,sac,KALIEN:GB53F5Y2DC5ZNRVMTVNUECM5DVTGY2SFJMHE3DWO53CGL62OXKKALIEN,KALIEN,7,83
CB63DEURPSYSQOBLB4OOYKCMTYPWNTFGNV2F57AYZBYX7PYBPWUQQ7QW,sac,ZYIELD:GCDL24V5UN42TMITNEYHFTLBQFTZDVBTQP4WYAFKUC4WQ6HANFJXZILL,ZYIELD,7,3
CB6YTYJEI7N44WPPZPXHIZV3NBFZKJWJDKCDVLQFJWBUH3JVQOCOOS3R,wasm,,MMM,7,1
CB7OOP3VSAWBZOOTOG2YEFANVU45GVWYUUM5HI32DKLHVKUDOFVQ37XP,wasm,,,,23
CB7VCORLWN5N4ZUTKSK7OQN6JC5ENKBK6NSKUZDEEPFMJGMH3U6AAIK4,sac,apUSDC:GALLBRBQHAPW5FOVXXHYWR6J4ZDAQ35BMSNADYGBW25VOUHUYRZM4XIL,apUSDC,7,55
CBA2VI23ISWHCOXNQU52SDPS7OODKFI3EHQOMSY5NTMGLYKWBF55S63N,sac,EZPZ:GABDIO3SIW76HQGFUDEHITBJ3EX4AKQ3FGFD5QRDKIQPEZFWEX25HXLM,EZPZ,7,3
CBAPZAZNNB4X3VPXV2LYA5RMV7XHXIVREES2GG7R5GUXDZ4R4CKOY4EU,wasm,,,,6009
CBAWRPJ44T3F6PSJKNBL4KTL25HIE6743KCC2E2LETJKL5377J43RLZF,sac,SPACEMAN:GCBXVS6O2LDBWIJMT5K4IEEY6OWUGHOI64YQPBDN7UEU5JQCGHB52TWJ,SPACEMAN,7,5
CBAZFN2YALTF5ODPW3BFSXTXXM5P2XLR355CNDJR5OB2UPAKQD6EDBIJ,sac,POM:GD5QHIRQKDT7NOX63VEA6OFXZXGN34O7WGMYL4GYWEGMDOMC43HHIPOM,POM,7,786
CBB27VFLGECOM2Q76IYFKXMTFDBVZLVM2CYIJTROZH6MTDCKNHMNUI46,sac,TEST77:GDTUWWYDJ26YCLZQUFGIHIKU22MUJE2SYWAB3LXWK2LWO4N5JTFOQPSD,TEST77,7,2
CBBJTE34KZHJACB2A6OXCRTDDLX4LI7GKYYD6XYJSGMX46BLNAG752HS,sac,XXA:GC4HS4CQCZULIOTGLLPGRAAMSBDLFRR6Y7HCUQG66LNQDISXKIXXADIM,XXA,7,1
CBBUOYO3KRYYV5UP6IB4N4JZTZOPVW6AN6BA3SUCR3CBXVVY4BYP7Z56,wasm,,USDT,6,33
CBCO65UOWXY2GR66GOCMCN6IU3Y45TXCPBY3FLUNL4AOUMOCKVIVV6JC,sac,GBPx:GAVH5ZWACAY2PHPUG4FL3LHHJIYIHOFPSIUGM2KHK25CJWXHAV6QKDMN,GBPx,7,18755
CBCU5VMZ3GNHHKJUWZ2GI7K36MEAXOJW2RJCIJHFPVFGBME3WADLXA6W,wasm,,BLAH,7,6
CBDCIFJEHNEHGQTMEBBKOXGEDYILIFSINWOQOKXUAJZTJ7A3FLVQEQCK,sac,FEDNET:GA2PUKG3UWHR77DJJG2K6I4FU3WIYMPVRVOYAJ7TRUAIMQ3MM5Z22FBI,FEDNET,7,2
CBDEZ44DVL6YT2KKBEBEMWJLEFO6G6MG7VTJF3PAMSHJZ7G34QN63PUW,sac,SECUREX:GBUI3KWTYS6QLPMWAAEXX23OJK4XUUSWBARPAN6VVUG3CIQQOWRFFFBI,SECUREX,7,3
CBDGJXQHAUMUIC7YEVE2T46EMENRPNGQUEFWJVIOPY5P6CJZ5YQKAHZU,sac,XPD:GAWRG476YFFKLPDTJOPOLSS5BXPCQ7ONVQKGCEYCCD3NXYUKDTB5METL,XPD,7,7
CBDIIPX3I3BIWT53M4OGGTNNH7CHENFQFSUDXTVKEFBDLQZZ6UKL3VUQ,sac,Q:GCJHKZF7XZSGSUEALQFX7BDTH5QPN5RFNEYNBZYIRY2KI3ZC7UOECWQG,Q,7,2
CBDRPADR3KIBJNUBNRTTO4P7NO5RVPMYKRJB5YCZUZ6B66RKYK324UJY,sac,CLPX:GDYSPBVZHPQTYMGSYNOHRZQNLB3ZWFVQ2F7EP7YBOLRGD42XIC3QUX5G,CLPX,7,1
CBEF3NDHJLMOASK2AVKRFXMFGSG4MZRRJIWVPCOIOXWVNRKFKCVI6MV4,sac,DNA:GBGAPJ5ZSJYRQDFKPMQSXMH6HFKCH5CWJZSZLYMXLZHT2TECOAOBCDNA,DNA,7,718
CBEM2CAIYLM3HBOPU5HLQL7V5BUAKM3N77DYQKX4FNHTQLQUUD2ZFBOX,sac,LIBRE:GAYCCWKECNGDRHYU3UTREBD2XLC3CUQN6FV22TKM4WCQER3IWR7TF5CY,LIBRE,7,12210
CBEOWRDE3GBMF6XF5LPIST3E4FUSXW4LYTOSQPVBJXGDVNWR6IK3GIYI,sac,EURC:GAP2JFYUBSSY65FIFUN3NTUKP6MQQ52QETQEBDM25PFMQE2EEN2EEURC,EURC,7,5995
CBEWYLCVICQH3CKKUQDQZVVHB3OK3RRDQQOOMBWP7OQRQE47LQU2XQDN,sac,RGN:GAG2NMBLJMCJYUR6N4J7TZSFVGJEHOZTQDLFMVLKDMAUMNMPPMTXYBVG,RGN,7,9
CBF4E5GSTVSITE5Q2ENOTEUQJPBZAU3SBDVLQMSQ7GLBRTSYGUAT722K,sac,BRL:GDVKY2GU2DRXWTBEYJJWSFXIGBZV6AZNBVVSUHEPZI54LIS6BA7DVVSP,BRL,7,5
CBGLC4HUN7CBEFBWH55VVB7LORHMTCZG5HGWGNSH6HIDL2SH3GJ66QCH,sac,MRStar:GAFNNJDHPC5QQJGAQQOUBZ2AKM37DVYND24UOHDVSWN6TFYFIXCD6CC4,MRStar,7,3
CBH4M45TQBLDPXOK6L7VYKMEJWFITBOL64BN3WDAIIDT4LNUTWTTOCKF,sac,ETH:GBFXOHVAS43OIWNIO7XLRJAHT3BICFEIKOJLZVXNT572MISM4CMGSOCC,ETH,7,164577
CBH5FAS7EPGM4KGSUHTGMJYGNAMUUMFDXLFD7CWDWWG4JLSXBCCPAXTZ,sac,yQBTC:GBMUGKI6P4QKNHX5GMKKWDD746WP3HUM5SPH5MSNZUW3VXDTA6S4ALDZ,yQBTC,7,8
CBHBD77PWZ3AXPQVYVDBHDKEMVNOR26UZUZHWCB6QC7J5SETQPRUQAS4,sac,SSLX:GBHFGY3ZNEJWLNO4LBUKLYOCEK4V7ENEBJGPRHHX7JU47GWHBREH37UR,SSLX,7,10898
CBHIQPUXLFLC5O44ZJVUTCL5LMZFLVGU5DEIGSYKBSAPFMOGTKOQEPFM,sac,BTCLN:GDPKQ2TSNJOFSEE7XSUXPWRP27H6GFGLWD7JCHNEYYWQVGFA543EVBVT,BTCLN,7,10
CBI2NXIZQ33L3K5RMQW53OGV52HDHZU2AUISCUFXDYTDR345VKPHAQEP,sac,PPRIME:GBF7XEKX6ZP7NYMS2IMFGAYVDZIZ66HHVLIAXAOPYFA5PF5Z6LI7PHMO,PPRIME,7,7
CBI34JWDLL5PQGF2CRQBS24C22I4QUIMM7QUNJWJT6FN5UK4TCRPQPB6,sac,SWANKYC:GCD72IYHJCPZEU76N6E4RLYD5TNI4CJ2NDN3MZB6IGHRJSPIG7TXSWAN,SWANKYC,7,2
CBI7UCH5KGSVQRO5H4SUCZUTZABCITZLRHQQZTWL2TK4RZ72TAR6IHRV,wasm,,deJTRSY,18,58
CBIJBDNZNF4X35BJ4FFZWCDBSCKOP5NB4PLG4SNENRMLAPYG4P5FM6VN,wasm,,SolvBTC,8,288770
CBJNP5LK45VIHLCNGXWSA7UXX5MMT5QPBMM6W6BL77QHBLRYAWIJI3CE,sac,RIPPLEW:GAJPU5EMEQB7I5KWIEHNFSMCQLVKRHE4OC4GUT4PQIUDVEI4GOHI6FJK,RIPPLEW,7,3
CBJXIEX4JETUHHRWKARRWIA3BEMCDLG4JUXEFPYAE5LO3JFFJSG3JZ5D,sac,SPIN:GD7MZMNE3CBCC4OKI6AWHJK3Q4VDJI4SQSM3IOJBRTN3UO7UCYPILYTD,SPIN,7,5
CBKNLK2TJNDJ2HOUPMORPKQFDSEN4FFB2OYBPVATRZM2QXBAUY5LYBP2,sac,RUXLM:GAL3BSXUPXXCP6UYPUDKJP655KE5CFLL6HQ64YAXVQ4XM7NREBKQRUSS,RUXLM,7,9
CBKYTZMP2NENHZMLZVIY6VS6P4MI3LOUBJFZG4FYKSN4W3NE3SXL2G2P,sac,BWFF:GDEHRJ7TNMYN4S6G6OFHNIUTF7SFKHMXYESRZT3NZP6UYQUSWGA4NNM6,BWFF,7,4
CBLDXERNMNDCEF2MFN676YIT7YJUU424CQXRGPHH6HATW4GJAD6QRSWT,sac,CENTRALBANK:GBIA2CM2MLJY4C3SWFUDQLERAUZYKZETE6XXGL6A5CGEI4YOJWZQFEDL,CENTRALBANK,7,11
CBLK4KSE3CZNQNSVVJMD3VMF4AKF4XG7Y2JCIGEC6Q5XAMGN2WAALGJ5,sac,POINTS:GDARCVAHFMA7GCCULAPCRAV7VXSFFMNOP3X6ZONDJU4SCJULZ6IJ77QD,POINTS,7,3622
CBLLEW7HD2RWATVSMLAGWM4G3WCHSHDJ25ALP4DI6LULV5TU35N2CIZA,sac,XRF:GCHI6I3X62ND5XUMWINNNKXS2HPYZWKFQBZZYBSMHJ4MIP2XJXSZTXRF,XRF,7,106528
CBLV4ATSIWU67CFSQU2NVRKINQIKUZ2ODSZBUJTJ43VJVRSBTZYOPNUR,sac,USTRY:GCRYUGD5NVARGXT56XEZI5CIFCQETYHAPQQTHO2O3IQZTHDH4LATMYWC,USTRY,7,9981
CBMFDIRY5OKI4JJURXC4SMEQPWB4UUADIADJK4NA6CYBNOYK4W4TMLLF,sac,BLUB:GDERSSCKJQPPXUQOZIOXGRVAGNLVPVZCJ2MAX7RCMVMWGRPVAEG7XGTK,BLUB,7,13613
CBN3NCJSMOQTC6SPEYK3A44NU4VS3IPKTARJLI3Y77OH27EWBY36TP7U,sac,EURx:GAVH5ZWACAY2PHPUG4FL3LHHJIYIHOFPSIUGM2KHK25CJWXHAV6QKDMN,EURx,7,41302
CBNJ54GNIRXBRB2P7PVKI7LVUBVR4ATTK6QDPZZKHM47VAP3CSJ7VYNB,sac,abUSDC:GALLBRBQHAPW5FOVXXHYWR6J4ZDAQ35BMSNADYGBW25VOUHUYRZM4XIL,abUSDC,7,55
CBNWETETHVP4XVD7FSCEQPWHPX32YTARIKRQKXRW26ATEBCAUXLVUU4I,sac,SLVR:GDGZD3MUKV7GLIOIY72KUORZFGSJXK3S5OUWKG5WNN3UZPEZVAIFMETL,SLVR,7,14
CBOLMHDYZYVVZWPWODXRRLZAU3INDG5QVJPRAFTX2BUP7VO4QIABXNUZ,sac,XRPNATIVE:GBY7PXXLDDHVB6VXX3G7IP2EYGMHGGM6WFZNJHDXGUKAX27N2UABIPSX,XRPNATIVE,7,6
CBP2PVKSAX4SYXRIZI6GOXSYMA5QNXBMNUPEHXVH6YOYLCT5EMKQJ7IW,sac,WHOIAM:GDZGLRMRMBRAUQV4GM6XBNGO3MG3AOIDBZBEOY6E2WW4NHU67YY7CDT7,WHOIAM,7,2
CBPAGOI4YMWYKZJ6STQ52K2627I2SMS3LJS5FLADG2MXF2LF4WOCX53S,sac,TSLA:GAK75AWI3I7W2NP554LM2TWIJGKK657IX5CPPQLMH5UWB6K4PVZCVANG,TSLA,7,18
CBPMFYWP4FFV7PQUYHXJZBXS75EHR6FXYSYEZWH2UM7AUYSKI2Z3PTCG,sac,XRP:GBVOL67TMUQBGL4TZYNMY3ZQ5WGQYFPFD5VJRWXR72VA33VFNL225PL5,XRP,7,5
CBQW3F7QE2TG4VR4TDBB4PRQQWFTOWLPP77RQQXYWFFQK3YE7MZPEF5W,sac,HG:GDGZD3MUKV7GLIOIY72KUORZFGSJXK3S5OUWKG5WNN3UZPEZVAIFMETL,HG,7,8
CBRNVJARECVPIB7DF6WSTY4YJQ6DS2WX5YURI5JNXPSRPYKQVKUMY2UZ,wasm,,TOT,7,1
CBRP2VD3CZLEQIQZ4JMBXGA5AC2U6JE26YU5CCIOICIZCVWPGBO2QRUB,sac,YBX:GBUYYBXWCLT2MOSSHRFCKMEDFOVSCAXNIEW424GLN666OEXHAAWBDYMX,YBX,7,2415
CBRSSFO55U47PZDTRSMRIMENLSL7AECAZM2LTK2HOMQVBINYVV7OM4II,wasm,,SOR,7,58
CBS5ZVKSSUKF4JY77CKUZPN72EDUM3OOGPYZKFC3KQVONXPJTF6UODD7,sac,HITZ:GCAETBNBFKVGLYFXKCLMKT6ZVHFXHRSDFSEW7ODIUJYC6R7H2QJ6OKGU,HITZ,7,1041
CBS7NEHFHAO6TQ2ZWWKMHZZEZCKD7OEERQKNZK5262TBNUWLNKCICS6J,sac,USD:GA5O7NTUIKYDPZSV3MNMIRFO2LCV5RJBNO7TNN7Y3MDO2IXRBSWDEO3T,USD,7,6
CBSJZEIO5C7KC2SF3MKSNXXJSW5G3VTNBX4ATMKUI3B2MR4JKM4R26YF,sac,USDT0:GATISXX6BZ6NC7IKQBY37CJD4SOZL3CYZJWXEDG6JVIY4WBS6KXJHN6Q,USDT0,7,935
CBSLR24U2OGEUNXOZFPW5DLYSDOPOWSWZAV5VXT5QFMIHIW6VDRIZX7J,sac,TCOM:GA4LMACSXJPFCZT2LYBDUJ3EB7VUZXMJAAFG4NZV33Q662PJAITAACNY,TCOM,7,17
CBT2U7I6J7LSEEJQQXBEOSRXNRNLH5UQPWG74Q36J3RHNQOQ5KEFCJ4Y,sac,POYE:GCANJQJUFIWG7TXKCAJPG726KWW5CXISB2KM2MZRYLVV6AMZENZQN2ZE,POYE,7,74
CBTBTWKQHBLA7CGS6A6FPPIZQ5LQRB5ZGHCITP24BDMLJAPSZWWRL5NR,sac,GOVLINK:GA2PUKG3UWHR77DJJG2K6I4FU3WIYMPVRVOYAJ7TRUAIMQ3MM5Z22FBI,GOVLINK,7,7
CBTW2HCXRHE4ZBVHCF7CHRKAV6CSHZZSSAXHMG5WKNKD3YCWFMDQRBCI,sac,LMT:GBCDFFU2MBT25YX2TBFS4V2XHIJVTGHGK3H6KGA2NIK7X5NK3UFRC6BQ,LMT,7,356
CBUJ6F5SPBPFGGTLO4FTD6IMRX5PDEMAEFX7WNPEWGRYMHOQNDJ6J44Y,sac,AUD:GAOX3QSEATPB324WACMF2FFB3Z4237WHZVRABEP6SHQFHPMQR3AQFEDL,AUD,7,5
CBUVZ2BNKZZVMCZEXFHBUREZQBJPQHJJ3TBW7SWF37QAIZ3YZCZAAVXA,sac,XAG:GAWRG476YFFKLPDTJOPOLSS5BXPCQ7ONVQKGCEYCCD3NXYUKDTB5METL,XAG,7,7
CBVDRT5474OBUEXF5MJB3UGQ5CG7CKGCAH5M4RV5NBCDJUBZ5OXHJLOU,sac,EURC:GAQRF3UGHBT6JYQZ7YSUYCIYWAF4T2SAA5237Q5LIQYJOHHFAWDXZ7NM,EURC,7,27955
CBVWPBYEDJ7GYIUHL2HITMEEWM75WAMFINIQCR4ZAFZ62ISDFBVERQCX,sac,LumenJoule:GBQG67XV2VEKRYZBGT5LZSBOHVVVX7CLTCO7WCGQAA4R2SV2BCJW2VP2,LumenJoule,7,26
CBWACNXB3MMYVV724FDYIQR5YJLUW3LRRD5K4OCDCY55SXS36G6EM3CA,sac,QFSXRP:GBWICYH7VSP2T7NIBCU2INB4HU2QZN2H4CPZGCCUZ32ZLBDXOHKXQQFS,QFSXRP,7,3
CBWKL2EYJRJ7R4ZETCW7EHX3HD5XDDZFYOXAYLDRW4QPLQYM7HEMIKSI,sac,DATAVAULT:GBT2VNTGFZJ2NYXIZY36LY45POXGICDFJZKCCCHFGBM33FZZHVSHOFBI,DATAVAULT,7,3
CBWNWMD2XSJFQFAU5V3J3VJ7R2DZLLKB4SLIV6RPEBIO26IIJPCLHSTF,sac,bUSDC:GA57KXF2UAGURRYK4LKTO4BO2JASL2PQCO2C53XUNK5G4CXX6QAL6QNR,bUSDC,7,569
CBX33QSOVIMWX2HFG7DGZVCZGF3FQON4GEFLT6QAAXPMY3IHPOSKZBOM,sac,GOLD:GBCB4WO6J4ET55RWK2SVX76LUQ4PQ7TCDHG2YFILQML7D6XR3HACLXAU,GOLD,7,248
CBXE6V454EUYWVQCI4TCSOG4CSNPQ2BLYOTKAKXYFHO3KNVX4CXYCY2T,sac,LSP:GAB7STHVD5BDH3EEYXPI3OM7PCS4V443PYB5FNT6CFGJVPDLMKDM24WK,LSP,7,4254
CBY4MSZXK5L4HDMJHDXQLNLOA5MM5BIGCHQYMRG7ZAFY34UNU4UXPEJJ,sac,LMNR:GALUVE2YREE6NU4T2746XL7XORCEY5NVDJ7WADGWANUZWQJZ3PTP5PHB,LMNR,7,12024
CBY6IUGMJDBMGCU66KBZDB73OOA57JQIJOZSJVU44Z5JKSPYCVBMA2Y6,sac,ORBD:GDMDRQHTIT2AMWO225Z7XVICX6JUY6BS63XRGWYJFD7L7NEODM2Y2J2X,ORBD,7,3
CBYFCYTQ427R66J3F4YKYRKFFCF5JEJ7YINZEXSQAEAGTUSMTGR4NQ7X,sac,QFSBANK:GAWQV5XDXGVVKMF5UNYBG64AEMSPAXGBQYWVOLQJAMA5R6TL2CES5QFS,QFSBANK,7,3
CBYFV4W2LTMXYZ3XWFX5BK2BY255DU2DSXNAE4FJ5A5VYUWGIBJDOIGG,sac,NGNC:GASBV6W7GGED66MXEVC7YZHTWWYMSVYEY35USF2HJZBLABLYIFQGXZY6,NGNC,7,14152
CBYKW3UUMBMEYQEP7QWENY7N4EM7OB2XKD5JK3MDFA7K5V5XRGOTCAKI,sac,XLM:GDRSFI4D6EM6KVOLRYA23MZ6SPMXGO7P5RRMZYSCK4V4AWHSAKGPPNNQ,XLM,7,3
CBYREKSCKVXQAE3CD2PR4SS5B5PPOB5S4KS3YA4WNHRJPJEN6MA4XVHN,sac,QFSBANK:GBWICYH7VSP2T7NIBCU2INB4HU2QZN2H4CPZGCCUZ32ZLBDXOHKXQQFS,QFSBANK,7,3
CBZ4DCE7PYMUTOAKKUTRSUPT3FJFVOWCSKWUM5A72D6SAVMUJE5JN2PJ,wasm,,,,38
CBZ7M5B3Y4WWBZ5XK5UZCAFOEZ23KSSZXYECYX3IXM6E2JOLQC52DK32,sac,PHO:GAX5TXB5RYJNLBUR477PEXM4X75APK2PGMTN6KEFQSESGWFXEAKFSXJO,PHO,7,57234
CBZGTEWUKSSES7POS7WN2EEMPYSXT4ZD4RXOIREUFTV3DKKAUNW2MZ33,sac,GOOGL:GAWW3KZP6QEJOSTBNBQBSLKEHYFXHL5HVBB63XHS75GYUZQ7JVF2VANG,GOOGL,7,3
CBZLF6EHCZ44U5YYZC4GFBWLPCW7HOWDXZISEVCNHAH77AQSCWOYEVII,sac,LiquidPoetry:GCALKYUJDHXJT7O5RP7VQSPWTH5GRMWUMJ2B3QKC5ZNXYBBC35WDYYEG,LiquidPoetry,7,9235
CBZPEXQLJCGUYTAQRQ4FGCXUV5O4TZER5WSOMCGNDNIIO4EJ4FU5GQNZ,sac,oUSD:GBIWJGAOSFC4KUPHXM573TKTWHMI7VW7D4GCHYZYH243Q6HVBV7ORBIT,oUSD,7,1090
CBZVSNVB55ANF24QVJL2K5QCLOAB6XITGTGXYEAF6NPTXYKEJUYQOHFC,sac,yXLM:GARDNV3Q7YGT4AKSDF25LT32YSCCW4EV22Y2TV3I2PU2MMXJTEDL5T55,yXLM,7,62519
CC2ED2677E47RRELUBOFRJX47PTBHL4P7G5JEWGUI3ZQEHHFCGI2KVX3,sac,KOL:GBCQIGV4IEWI3CSB4KLQ7HLZSS4CW4FDMGX7NL5YPKFS2SQAEMT7VJAM,KOL,7,1185
CC2OTJOSO3DVPXH2OVYKUL5VHLEF2BZKDGC5547YISALK3A42ESKHWMX,sac,SWS:GB4O5Q2HYWX7M6PIXKQFSOGBWMZE5XTVVWOXUMLOQD5LJFDE43TADCWV,SWS,7,6
CC2RBGYNCFBCVENIDL5BFBWPH4OUZM2UA3OD2K2N54GLMWCC4KWPVAGO,wasm,,XAUM,9,870
CC3OZZYIHDCSH6ANWXIK53IR6RKKBNKKLMRWL3CGEIVP7LCU4BSQKERB,wasm,,yTIME,7,82
CC546RSLM66Y34CYQDOLJ5HXOTN4C3PQ4QUH3FP3MJHOBLVUZWLE6JGG,sac,CNY:GAREELUB43IRHWEASCFBLKHURCGMHE5IF6XSE7EXDLACYHGRHM43RFOX,CNY,7,4926
CC54Q7EYBMPOEK7ZX4AKG76SXD3P3LQH325OHWKPMDUYA7M3XHZLWQ2N,sac,KPOP:GDRXHIO2G7AQMXLME46XSHH4UVYD6BTNXB6V2NNMP6X4CAKH2SK4OHIT,KPOP,7,11049
CC5NMBI3ROQPPLEQ7PLOTEL5ZV74UNV6YVOUDFX5NPHA73W3YOQ6WPLG,sac,SOLANA:GCA5DXRX7D3TQEALLJADC6JLEOIU6CDNL47J7RHBBIYPKBJX3D2YSUSA,SOLANA,7,3
CC5UXAGZOU27OQBKBYTQMES3NVO6EV6FCMWSNPPHAPIS6S24ENM3C24A,sac,XAU:GBCB4WO6J4ET55RWK2SVX76LUQ4PQ7TCDHG2YFILQML7D6XR3HACLXAU,XAU,7,45741
CC5WCQQFYI7XYEYQ7ON3UN7UZORKQA5E4S3WTWK3AYZEAWOMMX4TBS7O,sac,XPR:GAZPKDTEZ5UM3BF4E7FL7EMXRMLH76F2TNVXRLOF6SCVXOFWSPCEWFI5,XPR,7,351
CC64WBDGS6QQP22QTTIACYIXT3WF7BBQEYOQPLTP7GTKYY7PZ74QYGSL,wasm,,deJAAA,18,109
CC67QY2LQMSMJUUT5RIXRPYV2DCJSFO2YNZDBOYWKZF2MLIX374HWNXK,sac,yXRP:GBO5D46W7MSERKIL4WAIGFSMNMBHSTVTQCZPN3SMOUEIEA46GKOWYXRP,yXRP,7,53
CC6R4JUVHBFZVG5GVWOH4QTWFVRPVFEYKWNLEHDYZ2FN5GFNO5MD2G66,sac,JOHN:GB5S34RQZKNFYEYW6V6N3DAJ3TIDOXPSDV75YY5DTT2J2NJWFDLALGEW,JOHN,7,14205
CC6V6TJZ3IQB5GOLQPRCKDUGNZQ3B25FZFCZE6IFRMVGQK2OOLNXGC5M,sac,xEARN:GAO6UVTST2BP7XDNW7UBJKXG6MRRGMZJZHV5DNHJ3CNHAPAHB6QLWXPO,xEARN,7,327
CC7NS6NBVYVS3P5OOB5KEY4ANAXKAXBDKITABGE3ASEHU5YANMAIXSJE,sac,SBI:GCTDYFFN5JIXGHW2Y5L6WLBMIKE3MYWMUJV3U2FY27WYR6IVXQIAUCR3,SBI,7,209
CCBJNX4B23ZDXEE3KRS2IAQJSLNQY4ZJ24K44BI7FYYIF5ZAZMRYPRRD,wasm,,YAWN,7,3
CCBN3DAJP5EMJXDHES75SSKCG5TNLFFMLAQP3WPGECKZSHUQ32GAGR4U,sac,TESTTTT:GDTF6B2KB5UAVFYGZXOXZHA2HBB6J5ZUXC7R2QQM6VN25XEZ6ZAZD4GZ,TESTTTT,7,2
CCBYCVCPHCSJ737JLDLHMJCZDUJLJDUN7GSIEPA7PIL42HJE6ENYJI56,sac,TOOMUCHWORDS:GAC6NBVTNHBVMYDQ7EZCA6E5VKJWZZVDZQWBCIPDDZCWOIUI3ME2PIHA,TOOMUCHWORDS,7,103
CCCQOBAAMSSLZ6CGR774OLPZM247S7BVMCGPV5N6HDL6FDUIFSPBTJ34,sac,GEMINI:GA5BCY5M2KEN322ET2BBEA5HC5JS7OZQD5NZMRLALYTOXMCFG6DSWXLM,GEMINI,7,3
CCCRWH6Q3FNP3I2I57BDLM5AFAT7O6OF6GKQOC6SSJNDAVRZ57SPHGU2,sac,PYUSD:GDQE7IXJ4HUHV6RQHIUPRJSEZE4DRS5WY577O2FY6YQ5LVWZ7JZTU2V5,PYUSD,7,89657
CCCWT5Q6RZJWEUEICQXST5UX46MFTQNZRXBIEMP6LIPV7PJYAPH4CR3W,sac,QBTC:GAX46QEMVKRQKREMHQXGDF2YLOTHVY76JKZPQPV2MVIQI43EKK7SHCCZ,QBTC,7,27
CCDCWXSE7WKZSZGIMBNHRM5A4OJJ5KQNF2SLJA4UHBNPETA4E6FD6MD7,sac,GOLD:GDGZD3MUKV7GLIOIY72KUORZFGSJXK3S5OUWKG5WNN3UZPEZVAIFMETL,GOLD,7,8
CCEBHXWHT2UX6QQ7WZOV6KRGUILICPRFOZD2CEAHZ5AYX7EFW3RG6I2F,sac,USD:GDUKMGUGDZQK6YHYA5Z6AY2G4XDSZPSZ3SW5UN3ARVMO6QSRDWP5YLEX,USD,7,2
CCEIUMMN4S42TH6EJ42EQ3FSLCSJSMYDTOJKAWEYJUT4SCVK33CAHNOL,sac,BVNG:GD4YGRIKTOHSLGK6HZ57PSUGVVFHDY53MS2FEGC7AHJVFYP4PJMZ65WC,BVNG,7,3
CCEIVLOFQHALNB2ZVQJW55OYKEL7GG52JIGLUGHLRTEAFMISNSMOM5XW,sac,xLMNR:GDKA6WVMFSA73BMEVKPO6WXSSWP4MPRBDJVSXLLSEVIEVH226L5RJ7NL,xLMNR,7,141
CCF4QH7IPXFUH6POCOQY3TWIXRPXK6FWTMNXNAFQR43OJC4NWNRTXV4K,sac,SHT:GDG2NITCLM3B3EMWGZR6ZC2RNZ3YEBRQIZ4UM4KBDR7CU4FWJVDRYONG,SHT,7,381
CCG27OZ5AV4WUXS6XTECWAXEY5UOMEFI2CWFA3LHZGBTLYZWTJF3MJYQ,sac,AFR:GBX6YI45VU7WNAAKA3RBFDR3I3UKNFHTJPQ5F6KOOKSGYIAM4TRQN54W,AFR,7,1679
CCG7UECFN2ULKXZKFTQJW33AMXYBIKAAAEZI64UTYTCKZIPT3FHEZ5EF,sac,XRP:GCFRABOUXYJUDTB5P7FLELYOAM6WPEEAR5W4QY23KRU6YSSHYAQRXXLM,XRP,7,11
CCHATUHI32FTTTMTEYHP2UII73XGUXZ5JTNN6OBQMD3PFLSNVPTOIN54,wasm,,POL,7,3
CCHBWUYVW4QAXQ2KVKSCXT37SWLQOCTAYG2QRQDMLAZXVJJPUO2ZAGXS,sac,GBPC:GDXF6SYWIQOKOZ7BACXHBFBLQZEIH25KOTTLWQK35GO3JKRNIFHHGBPC,GBPC,7,1187
CCHDXQR5GDQB3CEBDS6YRZBWTF4VGEEOMQP3FFXUXRSGOTPABVEXFQAO,sac,QUIZ:GB3FOYVGBTIVWWDY2LV6ON5VEQDQQFC4FR6XW6D3FTA7DLK2HHRZQUIZ,QUIZ,7,990
CCHETQ7SYZIKN35TZQF6GPNNF7HH4IADYKEICEA5OOKE5WZPQKWTAY4W,sac,AQUAm25:GDXF6SYWIQOKOZ7BACXHBFBLQZEIH25KOTTLWQK35GO3JKRNIFHHGBPC,AQUAm25,7,4688
CCI47SQMVMLJDW2JZ4272PH7ITMVY7XZPBO247TMSPBQQF4MZZWVSPKA,sac,TICKETS:GDIU57QSVCGU7MTRC53RUWAADKIE75GFNG27C26URMU7CKHNXOQ5RDME,TICKETS,7,316
CCJIM3YMMU4UO5NIRSQYBT3FSDVKLBMSLE4BMEG7EDSRVFGSRAJOAQJO,sac,DEXN:GBJNYUHBBUVYUZVMRTD33XDBJEY72UKDIOEDULCMAHQNMIOG7P2KZATT,DEXN,7,67
CCJVS6IVXAAXWCMFVK6QLWHZHR4RTVRSEZRQ53GOAEDN3VY2BLPVY72J,sac,SCOP:GC6OYQJIZF3HFXCYPFCBXYXNGIBQ4TNSFUBUXQJOZWIP6F3YZK4QH3VQ,SCOP,7,5682
CCJWLFNGN6PMDKMB5CK6ERBOPJ5XETTV2TI6RYM3QQ7MYUE4RIY35GNC,sac,USRX:GBX6PJT3HDVQC5NB6ET4PRBBRQ3BDLABP3WN6XMQZK7LSZWRIZF6JXLM,USRX,7,3
CCKCFSECH5SU2ABH7VT7ZOAYQFITGNQBPV6IQJUOCM4ZSPUD2B54H6YM,sac,TheFED:GBIA2CM2MLJY4C3SWFUDQLERAUZYKZETE6XXGL6A5CGEI4YOJWZQFEDL,TheFED,7,15
CCKCKCPHYVXQD4NECBFJTFSCU2AMSJGCNG4O6K4JVRE2BLPR7WNDBQIQ,sac,SHX:GDSTRSHXHGJ7ZIVRBXEYE5Q74XUVCUSEKEBR7UCHEUUEK72N7I7KJ6JH,SHX,7,440251
CCKIOTCGFP5FGX7URYRTDZINCDAD2NHOVEOT7HMKAYWVSKWQKBAMQY5M,sac,FIASX:GCBB7GGZLCN6HQD75X5OIN3EFGUFRTP3X2VUBLCRD3WK2XHD247DFUND,FIASX,7,3
CCLDDLDZVJCFMGLPTLMMPABYP5WDB4JTJ7Q4HVHFF7X5AOVS365RBIDD,sac,KAWAI:GBHFQCVQKBH6SJYJDELYVV6IUOFEJYMCPHQCJCXK2GVSBSVX47GHIM7Q,KAWAI,7,5
CCLE7VXLGF3RCLL7FT2L7Q54HNRF37RGJDZIZMNN5275TI6ATBH2ATG3,sac,AXLM:GAHHULDPDVGB5WS5PH7BCGLJ7ZHECDBIIMKB62UPVDUOCHNFL7HX3FS7,AXLM,7,4
CCLLBVET63XNVBU5BPLH6LXE3B42ZD4C44KGJE7SAGI3R2H6KUFZGTTA,sac,WhipGOLD:GCIU7RMZX6UMNEI2PXYR76VL4SD5FRH234HPYFX5QTGE3ZDBAIB5WHIP,WhipGOLD,7,3
CCML4KQOMYYE7FVOADYIXUCKRDEANKBFLGQV3QIBXLCSHQ3RZXSM4ACR,sac,LUSI:GDICJE3HDJ5E72GQKGQXSISUJFEHYJIDEE7R3YHNF4A226QI5KLORNFX,LUSI,7,2398
CCMRJWFZKKFAGADZAYO665JMZIRSNSP6FBIYLKS6MUGWXUG2EIR7F6PE,sac,XLMFISH:GAX3YQC26LTS6NLW2QGRQC4MK24XKL5JLZ7KFHNERWPC3HKCT2ABTEMT,XLMFISH,7,18
CCN2LGXV7U3LLRQNAXGPQ7XK2JT2PGMUFOLDZTSLFCKNUXE3QVYEC3PF,sac,STK:GB6W5SDKRQC6VGZJ2LQOHUM5BAZRKFTAOOBBI6EZQI65WIO3K7AQZSTK,STK,7,1796
CCNGR5UZE4PIDGFOYMNEF7IYJMFHT2E3OVDWRSMVISQ4FTZFO2FTXRZH,wasm,,SOR18Cheap,18,14
CCNLG26UOVJO7VXCYNXNXZ4RICURQ7P52YAFEGGZK2IIZTJ2AMT6BFSF,sac,WOOF:GAVYBMQNI65LSYOSJOOLBH6TIUK5CGOBKXCQXCYPJWCKO64HZPM5TZAA,WOOF,7,3
CCOB35AE6UJQPEUCSJYYX42NAEHQD2FHRQSQYGLJAWJL7STGES7BNVYR,sac,USDP:GDTEQF6YGCKLIBD37RJZE5GTL3ZY6CBQIKH7COAW654SYEBE6XJJOLOW,USDP,7,9958
CCOQUKJQBB35P2UGBVWJ5LHN67TUTZXRO46OPCFTJRQ7XHJCX3RNW65Q,sac,SHT:GALIYPUA4XKVZRJIUPH5KPEYYPS4RS3HZFEYA53MEZGHY3ECKN4TVNOW,SHT,7,254
CCOUZFF7W326VYNONSSDF7LDLEIAUMYAMLYZDMFAJLXDN3TTZWR6HHWI,sac,COPR:GCJXFDVEEFGQYBUCYD6XVEZJEHBD2CDIGBFJWX7UWAMYCO5CRRAMMETL,COPR,7,21
CCP324P3WJG4FYNGTK4TTQYIWAXBTYVJFJCLCY4P2NHEUJKNGFKUXSIV,sac,XMONEY:GA5BCY5M2KEN322ET2BBEA5HC5JS7OZQD5NZMRLALYTOXMCFG6DSWXLM,XMONEY,7,9
CCPLGDWH6MGN64BQGA7INDGOY3VKA4RWU7HUO3VOEQQFHXD5YZ3457ZH,sac,JOHNFARM:GBVGKPCESZJ5SILAOQLXYRSNUYFIEB6CS3IDVLO34ZLOBQMZQXRZFREE,JOHNFARM,7,13
CCQ4L6MPVEJCBPYXRAEUTT5TZUCTHKE4AZFX6O5MEAUEQ54H2NP243EB,sac,ZCLOSE:GBEATSRSZ3O7FA5R7ROOZH4F7XQLJPDADUVCSCKWIUXUC7J5WY3LZILL,ZCLOSE,7,5
CCRGHZ7UDAQQ7TTDYM6MHWRFW7JZJF43ZSWJJQ22XS2USDX7P6KEOS7U,sac,SBB:GCJJT5KK5AHQOZ2P33AO2G36KJVTHSACOR3I7U4UISKDC6TMZ2BIRFSD,SBB,7,36
CCRT5HRCS4CGRK4HS2T3ER4U2VD5MCHRFP2XI4COX2AWZCBPPZM5B5KZ,sac,TRUMPCOIN:GBSOCFSLDSVD3JGPIPFOXGZUOEWDN47EQHLNHUC6TDT7BWJ2NSUEQ7BU,TRUMPCOIN,7,12
CCSBD76Z6IXABCFGFTRDYRGW6S3ZPC5OLKP4ACC4UJEB7HWEAPYFCZS3,sac,FrogST:GCETG2B5BXPO2C4DHSYZ2G36TUMBV3UAWYL2NQ4FNRVYFZLYPYWMFJEK,FrogST,7,5
CCSR7WYLNXMMVKHN6RXO2EMNYCYKNRQ3DHUTZSMUP7XBV4LQDKML4EQI,sac,TKG:GAM3PID2IOBTNCBMJXHIAS4EO3GQXAGRX4UB6HTQY2DUOVL3AQRB4UKQ,TKG,7,483
CCSRBCVUP6K34CGRIIHGEBBL4ZV5ZDCDT7KYUHBVJW6EPVIPBN2I5VJE,sac,ANTIFRAUD:GA2PUKG3UWHR77DJJG2K6I4FU3WIYMPVRVOYAJ7TRUAIMQ3MM5Z22FBI,ANTIFRAUD,7,4
CCT4ZYIYZ3TUO2AWQFEOFGBZ6HQP3GW5TA37CK7CRZVFRDXYTHTYX7KP,wasm,,BnUSD,18,534
CCU77UVQKL6BJSDTF77PF7REWTU6U5AKJ5WEJE3D64HDNGWGHU2C77KI,wasm,,USDT,6,32
CCUMQ5V3I3V3TQ4B2VNTK7JZNZWTGZBWLIBY6WSXCKJXTR74ZGN3XD5V,sac,MBC:GBPE7L6AMFQL2IGCVD36VVWZR5DDLINLETF2QMBAJG7ZA65MK7WI4BPK,MBC,7,352
CCUTJ2O3O5CKZVOHRZCV7IBMCGJHSTWLLIPFSPSMFD7D63UWRECJOI4Z,sac,QFSXLM:GBWICYH7VSP2T7NIBCU2INB4HU2QZN2H4CPZGCCUZ32ZLBDXOHKXQQFS,QFSXLM,7,3
CCUYL75XNUTAHFE3RZAN7NEFQWZ7OIRJZNN4KUXXPA34RAHVUGLTBGT5,sac,BLTA:GBQR7IMFKZHNTQDRZZU3E3XHDX2IPS3MI3QZJ47I2HBMKEF5AOPEYMRI,BLTA,7,29538
CCVJ334XO6J5AA5DR3C42VBIDKRQ5I55EJXEZQPPCHM6Z2SDM6TNYV3K,sac,QFSATM:GD7KQXPQTCL3P37MVQPVAKA5EMN3EYAZCKS43QHV6ZA2TYUX7OHSFLWW,QFSATM,7,3
CCVQHL7ZSFKT6KCQRUS5TFH74PLYKJFW3UE6NJ57U24QRJKTZSWH6FW6,sac,JFKPROTOCOL:GBAXVI5QM2FS5SEW34QNZB3QOKQAHJQB37QAKUM7QKRBU66WINMIJOHN,JFKPROTOCOL,7,3
CCW67TSZV3SSS2HXMBQ5JFGCKJNXKZM7UQUWUZPUTHXSTZLEO7SJMI75,sac,USDC:GA5ZSEJYB37JRC5AVCIA5MOP4RHTM335X2KGX3IHOJAPP5RE34K4KZVN,USDC,7,3004496
CCWX7MKO6MPE4DHUJ2GFOSZ5RFYC6H2VC4POQ33QWXVBIRUDMMG4MB7C,sac,XAU:GAWRG476YFFKLPDTJOPOLSS5BXPCQ7ONVQKGCEYCCD3NXYUKDTB5METL,XAU,7,8
CCXMZ44BJQOQAUZCOJQHBVYLPJCNSE7TOFRYYRUIXA2CPTNP5NOQO2YN,sac,TON:GA6VK24WLZ7J7JXZ2PU2SB3LFK2FBML3BV6F2RAJPY7K7OCQHCUDYFCI,TON,7,4
CCXQBA75B4HJFRAHATY4MSF525GPJBDPUUHCMZC5BXNK6ILHXRENQTGA,sac,ESP:GD2JVUJNJFJTV3P3DACOQNILC2HDHDQAIX76UNUCMAAKCCT7MVW4OFEW,ESP,7,805
CCXU7Z4FUOG4PV7GMXI5IF4YIN52I3XKDIJCKFYWBELBPJTUG7OSU2Y7,wasm,,,,1
CCYFFNXEMQZG4TGMYDRQYRWROCSJCDJBZI6JC6BGBTYB2SJAQKQICON5,sac,LibreVault:GDID3VFXZ6BZXIBVCQXUYVUEOVPZHNBQUGDNZ43GIYD2F4QM2YBO4MF5,LibreVault,7,701
CCYYYCTVCTWCOSE262VEMA6U4LZ3HWAUL245XVR3IKR75TSPYSQAOMNX,sac,AQUAmb:GDXF6SYWIQOKOZ7BACXHBFBLQZEIH25KOTTLWQK35GO3JKRNIFHHGBPC,AQUAmb,7,1160
CCZVUSGPXEN5QJHB2KWDFC47AH6TUYC4INVSQKUG4ILSDTQB3UETXCXE,sac,NJC:GD74UABBROI2QGH6JKTZUEQLOVIKF45BQ5Y6OBGCA2GBRKDLBU53WKDX,NJC,7,1
CD25MNVTZDL4Y3XBCPCJXGXATV5WUHHOWMYFF4YBEGU5FCPGMYTVG5JY,sac,BLND:GDJEHTBE6ZHUXSWFI642DCGLUOECLHPF3KSXHPXTSTJ7E3JF6MQ5EZYY,BLND,7,84783
CD2XOGQ7P4X4M23ADSOCLHIE47X6F72A5MGEO6AAKZT5Q5IHHMKTYNAM,sac,TURTLE:GB37DSNDTYHUW4ZS4JWXWP62X7TZHYAWZ6A2MKW5M3TOQPK5O76MRANS,TURTLE,7,330
CD3O7FMUWRTWCBYJ3AHVVSPLVBS3BBFLYD4PR52GQHZ6R5WBNCW7EFBK,sac,ZINC:GCJXFDVEEFGQYBUCYD6XVEZJEHBD2CDIGBFJWX7UWAMYCO5CRRAMMETL,ZINC,7,10
CD3X4GOWBPDU57NIPMPEMH7LFNAMBDTY5SKJCHLY7IDDWJQVUTU7CBBK,sac,DAWG:GBVYKIM4QGW7NK3Q5S76GWMZMLAWYB6FB43JQ4J7ZOXHAA3LEZZGYHSD,DAWG,7,7941
CD4NTX2UXD2X257XCNSWRB45N5GUXVSHFY7L5W53IULIM5EVYAFENQGO,wasm,,GIGGLE,7,2
CD5DHFTAIWW6EL5BDCIH4OM3XHB6K5DKCBHSTWTZZPSHQ3NVVEGFQIU3,sac,REAL8:GBVYYQ7XXRZW6ZCNNCL2X2THNPQ6IM4O47HAA25JTAG7Z3CXJCQ3W4CD,REAL8,7,6356
CD5E7YM4MTL5S4B4FKLAMFLMXCN26L4QGPAS7JCVBG4TPW5EIP5WXIQO,wasm,,BEEP,7,2
CD5RUU2MNZKTCLRHRERLNZXGBWOB7WKV5SEW5RUVJXWZP7XGBPTHP665,sac,MegaStock:GD3S4U6RXDM252226P2HX7UT6CJSSU56XCXTQ64JENM65G5JDGESIRDM,MegaStock,7,5
CD6IN4UFNPDX35H7YB53XAA2XE6S2UPXL7AZL6DSFZFNNZSLE7FFSIVP,wasm,,SNOOZE,7,2
CD6M4R2322BYCY2LNWM74PEBQAQ63SA3DUJLI3L4225U4ZVCLMSCBCIS,sac,TESOURO:GCRYUGD5NVARGXT56XEZI5CIFCQETYHAPQQTHO2O3IQZTHDH4LATMYWC,TESOURO,7,5372
CD7KELH27JJPTKUHHAW65HYE5BM4ZO57USQHJT6CKXRW3FYN23MM63T6,sac,FREEDOMDJT:GB2JSM5NJAW54FOYSUQZGQO5ENNI6P2OIDTEW4QN5H7WEN66MEZ5FREE,FREEDOMDJT,7,3
CD7TWK6YXCGP3UBW4IIDIR2KKB5AJ6BVD7K4KIIJ4APO2EDUVJYF2ZYJ,sac,LMX:GCJF4534PAFBOQ6R7QLVMRKUQV2AMNGEXGGDDN2ISYAIN5XPKTLUMEXO,LMX,7,323
CDA4PRAH62XWBPU3677T3UNIUQT5WSTRQKU3OVNPWTWNHDIZJNSSROOO,sac,JFKPROTOCOL:GCQVT23R3YI5SPZZCUM2XBX4SCBEKDID37SQZAW6KM4HV6DSJHFEJOHN,JFKPROTOCOL,7,5
CDAHEWKJHBOBREILPDRLCHIGTPV52UVQZWYBFVXQZAPSZVPP6BPOH4WH,sac,NLT:GAX25ZVO4JVPEDK3R7EUFCGVI5XCOQGMVGQNZVFLGY2RWTBIQBW2ZNLT,NLT,7,8
CDANHN6OUDZNFWDCEU6ZWCIC4DPHVFXP3QPARHALFOF26HLC45JWRTWP,sac,ZUSD:GDF6VOEGRWLOZ64PQQGKD2IYWA22RLT37GJKS2EJXZHT2VLAGWLC5TOB,ZUSD,7,1748
CDAY5PVTMRGTOAQ3VAEXIV5CG2GG54LVFLEZ7UGJQAUYFKYZ6C366JXY,sac,CAPI:GAU5GYDA3COPNP5GNZAVCZLHAH6I74645TIMPR7SPICYERRJHS6K5VED,CAPI,7,530
CDBWQCF7F7MMNKRE23LJIJ6JRVEGIGATMM64SJSWGUAWF4UBY6FNIGSH,sac,CASEHASH:GBT2VNTGFZJ2NYXIZY36LY45POXGICDFJZKCCCHFGBM33FZZHVSHOFBI,CASEHASH,7,7
CDCKFBZYF2AQCSM3JOF2ZM27O3Y6AJAI4OTCQKAFNZ3FHBYUTFOKICIY,sac,XTAR:GAORYJ3KBDGIM7FFSKVUJHJ5NEFWIRDIAGGBJBJS7TY6ECZS53257IG4,XTAR,7,25168
CDDL6HGNYGVRCQB37DDFTIFYMGTX36AQMCXI6U3NOAO2BBZDNGKMGQSY,sac,STROOPY:GBZ3SMMNNSOLVV6LGNDBDWRVD2N56VUZZ6LVB6VGOOJGSMWI7ISLOJEC,STROOPY,7,1884
CDDS7IQJGQ2ZMO66E3MUYXZ56H2OO7RBTTAGZLZKOEA4EXCGZX65JGA7,sac,CARBON:GCBOATLWKXACOWKRRWORARDI2HFDSYPALMTS23YBZKHOB6XLW6CARBON,CARBON,7,19
CDDUMVV523T7ZBL53B76Q7UGE3YQAPDNJ2PMZSOLX56IV3KBYOK2YVHC,sac,Shitcoinz:GBVYKIM4QGW7NK3Q5S76GWMZMLAWYB6FB43JQ4J7ZOXHAA3LEZZGYHSD,Shitcoinz,7,191
CDEFZVRFNSRAGZLDRZSM44OA4YN4CSR6VWIACEOCW3KKCZDKKLVOGQCD,sac,PIZZA:GAVVAHNXNKKD65YYIP5ZZTKAIRF5KYR755NLVCDDFOBVHHOTCF3HOHHN,PIZZA,7,533
CDFZUVS5YNLXU7VENKOUDEOHCJGKQNVUBWD7KMN6E7ZROKPYPFLRUJFG,sac,sUSD:GCHW7CWI7GMIYQYFXMFJNJX5645XGWIINIAEQK3SABQO6CAYL5T7JYIH,sUSD,7,538182
CDHBIACXSM5K2NFCCHQIJQNDJPHGPW4OHIYVXGCFMVT7PNLWXY4NGRNH,sac,AMM:GARQ7O5JPBD2DDVEFFZ2LVWH77BYSC7K7RMGI7W5GLRVSWPHZBNGBDOQ,AMM,7,134
CDHNIO6IJ7EBFUDVALSE347YYNV3RKFB3Y5NZ3W4RH4QP4IS56MGSI5E,sac,VEUR:GDXLSLCOPPHTWOQXLLKSVN4VN3G67WD2ENU7UMVAROEYVJLSPSEWXIZN,VEUR,7,29
CDHUM25W7XXWMRBSP55MB4MAQHYTVXQHZKIXIOPUGSJGSDZHGVFQAJQJ,sac,JOYCOIN:GDTMNBMSVDKN43F3TLM7RWXY5YZJBCPKM7CYKJUZRVMINUAR32C4ZWZO,JOYCOIN,7,2
CDIKURWHYS4FFTR5KOQK6MBFZA2K3E26WGBQI6PXBYWZ4XIOPJHDFJKP,sac,USDx:GAVH5ZWACAY2PHPUG4FL3LHHJIYIHOFPSIUGM2KHK25CJWXHAV6QKDMN,USDx,7,171193
CDJQXBQO5ICVQUPHZHW7SHOM56K2UNNPPAIXUUSA3XACEI6Q4JQLXNVI,sac,XCR:GBLJBHWVORDFI4J7CLBDRPECMYT3XO5S6GERXGC74VXOJMZPLI6ZU3S7,XCR,7,14395
CDK7N44N4MDWWYKGQTHJNPFYY74Y63EXEMPBVY6G3DHBO5ENOXIVAY5E,sac,COIN:GCX4NUTJ742IW7W7QYEVTW4WLH22SMSE4INBKFDEBYNACU35ILKUCOIN,COIN,7,580
CDKLJRIL7E2OWHTPTIHCAXTXI6PEXFOS6PJFAFCDBYWDT3B3QI42EOJA,sac,USDM:GDHDC4GBNPMENZAOBB4NCQ25TGZPDRK6ZGWUGSI22TVFATOLRPSUUSDM,USDM,7,8352
CDLE7MRVLAMJFLVIR743MYJJK6ZFBK2ZZIABT7ZMZEDU72BUD6SG6DXA,sac,TME:GCBZ64VKWES7P5YNQTCPI5GKUBXC42XOS2WUZYQPBZLOCZ6RGK5KMCNY,TME,7,2
CDLM7CAO7TADGGMJBBAIWLMGMEDRFJ3DQHX3IUF24BUDNBGGJ6NGMXTB,sac,RAYO:GBPDJLJ23JEKXV5VVDD3FVNPW5XRRZPK6PCHWRIKM2STZ57423B6IXSQ,RAYO,7,2716
CDLWTKL7XIALOQPTV7R2KKTXTA6OPKT4T354Y7RG7S6TERQ7KI2VPXIW,sac,FBIREV:GDUZWBWE6MGFIN2HGCGE6XDHC464UOZ4MJXA6R24OAGW5ECS32QPGFBI,FBIREV,7,1
CDME3GWAU7YSHVB6GWKDOQORR6TYKKQG6G7FDMMO7OPMQALBCNI5A2JR,wasm,,HAHA,7,3
CDN7OPF6MK6RRZY4IDDDLTV5C3K4XLNOVDJRB66W4EQJT553IXQIETB3,sac,LUMOS:GB5T2EQC2VDG2XEYQ5C2CQJ2SCB5RFPPWALUU2GQ3R5HUEGOZST55B6S,LUMOS,7,10663
CDNDPEI4X6NYKEVAIOH2T3AIVYOWY6LDT7RITBTT3XXTIETTUSATZQ7A,sac,XLD:GBE6IZPK5MPLVPMD3NZ2YW5BY4GBB5IDYDXTIERGA3A5S2XANCUCTXLD,XLD,7,5325
CDNGOXGJ34XJ7P7FTKSBYPEHGJWB6YH4VISE4CLLEGWC2ZUQ6WXYOLFM,sac,LIBERATOR:GCV4LXAU5PMYTIO7P5USPE2HUKLRCV2PPMULTOQSZESFLJLVL25W6D7F,LIBERATOR,7,510
CDNGQ3GRFGQ6FJ4WPH6K5V4S4BUQD5JNQ5WX4MJITAHJ3BQDGCFPOTUP,sac,GoogleBonus:GAIJ4NFTEOBV3B2VIO25W6SID5PKEDCEZL4VEIWYEANRUFMQAWSR4GOG,GoogleBonus,7,5
CDNJXL6YAWQECJCIUN4ZNXL4NSVV2RWSID2PN7XU53KMJTJHNH2SG2EH,wasm,,PEPE TOKEN,7,4
CDOFW7HNKLUZRLFZST4EW7V3AV4JI5IHMT6BPXXSY2IEFZ4NE5TWU2P4,sac,yUSDC:GDGTVWSM4MGS4T7Z6W4RPWOCHE2I6RDFCIFZGS3DOA63LWQTRNZNTTFF,yUSDC,7,143845
CDOIEBW5LN7T7PSFY6ADLPIDF52PFRX57WIYWJ637PCZ7ZFDDN5T6NCH,sac,SDEXEX:GBQHMDRWV3WU5YACBUUCBY4Y6PPWBJXW5WCSG5XJ63FC4HXJNGXYFD5J,SDEXEX,7,9
CDOZE45WZ67M6DNO577SKX3AG6N3I3Y6HZNA63APVYEAF2X6Q6P6V5G6,sac,VCHF:GDXLSLCOPPHTWOQXLLKSVN4VN3G67WD2ENU7UMVAROEYVJLSPSEWXIZN,VCHF,7,27
CDPV3H7C3MR2R4Y4GAEJN4AXXY4LBITRRVE74VSMVCSBWISIU3Q4QTMW,wasm,,USDC,6,137
CDPXFLUPV5AOMGWZTTAT336K672Z5LQSREFBAU3W5ASQHGZP4XX5PZJ6,sac,SEVERUS:GDLEYL5LJRVTHYSDBTSYFJAFFSVB7V2LIQ2GJUK2EQXYAV3QYOQJJOHC,SEVERUS,7,614
CDPZK5GUP7PEIXTKBASATC3S5G3RF4A4RDIVMU2F2UVIRXORQJ4NLOP7,sac,PULPfiction:GAC6NBVTNHBVMYDQ7EZCA6E5VKJWZZVDZQWBCIPDDZCWOIUI3ME2PIHA,PULPfiction,7,300
CDQWO3M6ZMJJFIFBIDNJBJSP545BGYBEPFJQ65C5V34QIZ4SK5UPRHIK,sac,DigitalRuble:GBX6PJT3HDVQC5NB6ET4PRBBRQ3BDLABP3WN6XMQZK7LSZWRIZF6JXLM,DigitalRuble,7,4
CDQZ5YJ3EWZCT53RJVOWABH5JMNLNDBXBUY47SV2SPAMF7QYJSOMPZYG,sac,ZLM:GBLJQ7E4MHRTFMWSKE56UK6LC6AVGWOE6WXYUIOBCB4ZXG74HH7VZILL,ZLM,7,6
CDRAGD2HAI6EDPK626ENJLNMHB4QUVVW6BFYO34P26DBMP2ZB3CF6MDK,sac,LOVE:GCLEW3MLTF35AM3GK6LOCAFS4ETKNGHN5IWU23I3IGOSK7IYWYWAB3GS,LOVE,7,969
CDRX4OQSGVAFAVDWCYA7IXF2M3QGOKO7XEUNPM5UBONAE5XYOIW5DIRH,wasm,,SOR18Exp,18,7
CDSGHPLWXC6FSCSLPRHDGSC5XVCWPJECSGPWLKXFBEOGX6ZLOQKFZJPP,sac,TEST12:GBS5AFGGRLMFF57ZDUW6KA6AY6TWJYMV7UQ63UXIKZICAFRDZ53OMII5,TEST12,7,2
CDSSDKJZACMXIE4C25TAVLWUQWLRNXSC2TLOFTTRSUAOZOMU5PXGZYEX,sac,BLUB:GCYITYIOHQIDYK5ASX5CC7LVC4WOTHMCMPNDCTPARUUFHYDV2EBX55IQ,BLUB,7,370
CDTKPWPLOURQA2SGTKTUQOWRCBZEORB4BWBOMJ3D3ZTQQSGE5F6JBQLV,sac,EURC:GDHU6WRG4IEQXM5NZ4BMPKOXHW76MZM4Y2IEMFDVXBSDP6SJY4ITNPP2,EURC,7,120064
CDTSZ2VWVPLNCTHVFK7Y2KKOYDH32NAZ5KMPZIMP3BJ2WBAVPH6SWECE,sac,USDC:GCBYVQH3RZ4JDVFMNWETE3J6U3AW6NNGTIWNVJHNQIIEGQR4K7PLUSDC,USDC,7,5085
CDU6OBYOV2K256BBBTPL6BEYFEX7P6D252HREGNZ2KNDQOUKE4LUI3TO,sac,WhipXRP:GCIU7RMZX6UMNEI2PXYR76VL4SD5FRH234HPYFX5QTGE3ZDBAIB5WHIP,WhipXRP,7,3
CDUYP3U6HGTOBUNQD2WTLWNMNADWMENROKZZIHGEVGKIU3ZUDF42CDOK,sac,EURMTL:GACKTN5DAZGWXRWB2WLM6OPBDHAMT6SJNGLJZPQMEZBUR4JUGBX2UK7V,EURMTL,7,4700
CDWGJD5R37BQIU23LBNUQXIW45WS3CIJPJSP3I4FG5OYDX5MZDTP2RZ6,sac,LBTC:GCT6JZXDCXW5LNVYE6KZP2TSNTDPNGOXPKJW45O7ROC5NSA3O57C6K3X,LBTC,7,1655
CDYEOOVL6WV4JRY45CXQKOBJFFAPOM5KNQCCDNM333L6RM2L4RO3LKYG,sac,yETH:GDYQNEF2UWTK4L6HITMT53MZ6F5QWO3Q4UVE6SCGC4OMEQIZQQDERQFD,yETH,7,21034
CDZU37TO64B7MKV5UBXAADLEEF5U7HRZ34ZGKIZJK2YBUO2OMZOMIGN4,sac,USABANK:GCZXL4WORNUA3M6QMSQHP37KL6FJYKMY6SUPK274243FQ7ZVH5TIBXLM,USABANK,7,3
CETES:GCRYUGD5NVARGXT56XEZI5CIFCQETYHAPQQTHO2O3IQZTHDH4LATMYWC,classic,CETES:GCRYUGD5NVARGXT56XEZI5CIFCQETYHAPQQTHO2O3IQZTHDH4LATMYWC,CETES,7,129
DAWG:GBVYKIM4QGW7NK3Q5S76GWMZMLAWYB6FB43JQ4J7ZOXHAA3LEZZGYHSD,classic,DAWG:GBVYKIM4QGW7NK3Q5S76GWMZMLAWYB6FB43JQ4J7ZOXHAA3LEZZGYHSD,DAWG,7,216
ETH:GBFXOHVAS43OIWNIO7XLRJAHT3BICFEIKOJLZVXNT572MISM4CMGSOCC,classic,ETH:GBFXOHVAS43OIWNIO7XLRJAHT3BICFEIKOJLZVXNT572MISM4CMGSOCC,ETH,7,85
EURC:GDHU6WRG4IEQXM5NZ4BMPKOXHW76MZM4Y2IEMFDVXBSDP6SJY4ITNPP2,classic,EURC:GDHU6WRG4IEQXM5NZ4BMPKOXHW76MZM4Y2IEMFDVXBSDP6SJY4ITNPP2,EURC,7,1213
EURx:GAVH5ZWACAY2PHPUG4FL3LHHJIYIHOFPSIUGM2KHK25CJWXHAV6QKDMN,classic,EURx:GAVH5ZWACAY2PHPUG4FL3LHHJIYIHOFPSIUGM2KHK25CJWXHAV6QKDMN,EURx,7,2
GBPx:GAVH5ZWACAY2PHPUG4FL3LHHJIYIHOFPSIUGM2KHK25CJWXHAV6QKDMN,classic,GBPx:GAVH5ZWACAY2PHPUG4FL3LHHJIYIHOFPSIUGM2KHK25CJWXHAV6QKDMN,GBPx,7,13
GQX:GD7TC72O5HML5UMZXQCIXGBR4KJ3MYM2ICPOR4BBN56K6JUSRVWTDAQF,classic,GQX:GD7TC72O5HML5UMZXQCIXGBR4KJ3MYM2ICPOR4BBN56K6JUSRVWTDAQF,GQX,7,9
GYEN:GDF6VOEGRWLOZ64PQQGKD2IYWA22RLT37GJKS2EJXZHT2VLAGWLC5TOB,classic,GYEN:GDF6VOEGRWLOZ64PQQGKD2IYWA22RLT37GJKS2EJXZHT2VLAGWLC5TOB,GYEN,7,1
HITZ:GCAETBNBFKVGLYFXKCLMKT6ZVHFXHRSDFSEW7ODIUJYC6R7H2QJ6OKGU,classic,HITZ:GCAETBNBFKVGLYFXKCLMKT6ZVHFXHRSDFSEW7ODIUJYC6R7H2QJ6OKGU,HITZ,7,4
KALE:GBDVX4VELCDSQ54KQJYTNHXAHFLBCA77ZY2USQBM4CSHTTV7DME7KALE,classic,KALE:GBDVX4VELCDSQ54KQJYTNHXAHFLBCA77ZY2USQBM4CSHTTV7DME7KALE,KALE,7,37
KALIEN:GB53F5Y2DC5ZNRVMTVNUECM5DVTGY2SFJMHE3DWO53CGL62OXKKALIEN,classic,KALIEN:GB53F5Y2DC5ZNRVMTVNUECM5DVTGY2SFJMHE3DWO53CGL62OXKKALIEN,KALIEN,7,2
KPOP:GDRXHIO2G7AQMXLME46XSHH4UVYD6BTNXB6V2NNMP6X4CAKH2SK4OHIT,classic,KPOP:GDRXHIO2G7AQMXLME46XSHH4UVYD6BTNXB6V2NNMP6X4CAKH2SK4OHIT,KPOP,7,2
LIBERATOR:GCV4LXAU5PMYTIO7P5USPE2HUKLRCV2PPMULTOQSZESFLJLVL25W6D7F,classic,LIBERATOR:GCV4LXAU5PMYTIO7P5USPE2HUKLRCV2PPMULTOQSZESFLJLVL25W6D7F,LIBERATOR,7,94
LIBRE:GAYCCWKECNGDRHYU3UTREBD2XLC3CUQN6FV22TKM4WCQER3IWR7TF5CY,classic,LIBRE:GAYCCWKECNGDRHYU3UTREBD2XLC3CUQN6FV22TKM4WCQER3IWR7TF5CY,LIBRE,7,1015
LMNR:GALUVE2YREE6NU4T2746XL7XORCEY5NVDJ7WADGWANUZWQJZ3PTP5PHB,classic,LMNR:GALUVE2YREE6NU4T2746XL7XORCEY5NVDJ7WADGWANUZWQJZ3PTP5PHB,LMNR,7,43
LOVE:GCLEW3MLTF35AM3GK6LOCAFS4ETKNGHN5IWU23I3IGOSK7IYWYWAB3GS,classic,LOVE:GCLEW3MLTF35AM3GK6LOCAFS4ETKNGHN5IWU23I3IGOSK7IYWYWAB3GS,LOVE,7,2
LSP:GAB7STHVD5BDH3EEYXPI3OM7PCS4V443PYB5FNT6CFGJVPDLMKDM24WK,classic,LSP:GAB7STHVD5BDH3EEYXPI3OM7PCS4V443PYB5FNT6CFGJVPDLMKDM24WK,LSP,7,134
LUMOS:GB5T2EQC2VDG2XEYQ5C2CQJ2SCB5RFPPWALUU2GQ3R5HUEGOZST55B6S,classic,LUMOS:GB5T2EQC2VDG2XEYQ5C2CQJ2SCB5RFPPWALUU2GQ3R5HUEGOZST55B6S,LUMOS,7,20
LibreVault:GDID3VFXZ6BZXIBVCQXUYVUEOVPZHNBQUGDNZ43GIYD2F4QM2YBO4MF5,classic,LibreVault:GDID3VFXZ6BZXIBVCQXUYVUEOVPZHNBQUGDNZ43GIYD2F4QM2YBO4MF5,LibreVault,7,79
NAFU:GBHA4FGPHX7KURMP7CZU7SQ2UOAGTAQ22SCHPK5P5XCQHZXCSVXQJFYB,classic,NAFU:GBHA4FGPHX7KURMP7CZU7SQ2UOAGTAQ22SCHPK5P5XCQHZXCSVXQJFYB,NAFU,7,7
NGNC:GASBV6W7GGED66MXEVC7YZHTWWYMSVYEY35USF2HJZBLABLYIFQGXZY6,classic,NGNC:GASBV6W7GGED66MXEVC7YZHTWWYMSVYEY35USF2HJZBLABLYIFQGXZY6,NGNC,7,2
NLT:GAX25ZVO4JVPEDK3R7EUFCGVI5XCOQGMVGQNZVFLGY2RWTBIQBW2ZNLT,classic,NLT:GAX25ZVO4JVPEDK3R7EUFCGVI5XCOQGMVGQNZVFLGY2RWTBIQBW2ZNLT,NLT,7,3
NUNA:GCX2ENOVSSOOH6G4HIOBMPCBFXHDVDGA546NK3ZFX3NP3QS25BKZBWOW,classic,NUNA:GCX2ENOVSSOOH6G4HIOBMPCBFXHDVDGA546NK3ZFX3NP3QS25BKZBWOW,NUNA,7,1
POYE:GCANJQJUFIWG7TXKCAJPG726KWW5CXISB2KM2MZRYLVV6AMZENZQN2ZE,classic,POYE:GCANJQJUFIWG7TXKCAJPG726KWW5CXISB2KM2MZRYLVV6AMZENZQN2ZE,POYE,7,21
PYUSD:GDQE7IXJ4HUHV6RQHIUPRJSEZE4DRS5WY577O2FY6YQ5LVWZ7JZTU2V5,classic,PYUSD:GDQE7IXJ4HUHV6RQHIUPRJSEZE4DRS5WY577O2FY6YQ5LVWZ7JZTU2V5,PYUSD,7,53
RAYO:GBPDJLJ23JEKXV5VVDD3FVNPW5XRRZPK6PCHWRIKM2STZ57423B6IXSQ,classic,RAYO:GBPDJLJ23JEKXV5VVDD3FVNPW5XRRZPK6PCHWRIKM2STZ57423B6IXSQ,RAYO,7,2
SAVE:GBWKWJTPYLDEIUZ3EZ34HGXWRQ4R6DUCNLG5SIT72RL243IJZLLG5UOJ,classic,SAVE:GBWKWJTPYLDEIUZ3EZ34HGXWRQ4R6DUCNLG5SIT72RL243IJZLLG5UOJ,SAVE,7,2
SCOP:GC6OYQJIZF3HFXCYPFCBXYXNGIBQ4TNSFUBUXQJOZWIP6F3YZK4QH3VQ,classic,SCOP:GC6OYQJIZF3HFXCYPFCBXYXNGIBQ4TNSFUBUXQJOZWIP6F3YZK4QH3VQ,SCOP,7,22
SDEXEX:GBQHMDRWV3WU5YACBUUCBY4Y6PPWBJXW5WCSG5XJ63FC4HXJNGXYFD5J,classic,SDEXEX:GBQHMDRWV3WU5YACBUUCBY4Y6PPWBJXW5WCSG5XJ63FC4HXJNGXYFD5J,SDEXEX,7,2
SHX:GDSTRSHXHGJ7ZIVRBXEYE5Q74XUVCUSEKEBR7UCHEUUEK72N7I7KJ6JH,classic,SHX:GDSTRSHXHGJ7ZIVRBXEYE5Q74XUVCUSEKEBR7UCHEUUEK72N7I7KJ6JH,SHX,7,259
SIX:GCWATFQBX2QIY25BETQFOEBAOE6WYSI43LUAVRRCAOLFR5UT5RFOXYUS,classic,SIX:GCWATFQBX2QIY25BETQFOEBAOE6WYSI43LUAVRRCAOLFR5UT5RFOXYUS,SIX,7,1
SSLX:GBHFGY3ZNEJWLNO4LBUKLYOCEK4V7ENEBJGPRHHX7JU47GWHBREH37UR,classic,SSLX:GBHFGY3ZNEJWLNO4LBUKLYOCEK4V7ENEBJGPRHHX7JU47GWHBREH37UR,SSLX,7,171
STK:GB6W5SDKRQC6VGZJ2LQOHUM5BAZRKFTAOOBBI6EZQI65WIO3K7AQZSTK,classic,STK:GB6W5SDKRQC6VGZJ2LQOHUM5BAZRKFTAOOBBI6EZQI65WIO3K7AQZSTK,STK,7,35
STROOPY:GBZ3SMMNNSOLVV6LGNDBDWRVD2N56VUZZ6LVB6VGOOJGSMWI7ISLOJEC,classic,STROOPY:GBZ3SMMNNSOLVV6LGNDBDWRVD2N56VUZZ6LVB6VGOOJGSMWI7ISLOJEC,STROOPY,7,15
Shitcoinz:GBVYKIM4QGW7NK3Q5S76GWMZMLAWYB6FB43JQ4J7ZOXHAA3LEZZGYHSD,classic,Shitcoinz:GBVYKIM4QGW7NK3Q5S76GWMZMLAWYB6FB43JQ4J7ZOXHAA3LEZZGYHSD,Shitcoinz,7,25
TESOURO:GCRYUGD5NVARGXT56XEZI5CIFCQETYHAPQQTHO2O3IQZTHDH4LATMYWC,classic,TESOURO:GCRYUGD5NVARGXT56XEZI5CIFCQETYHAPQQTHO2O3IQZTHDH4LATMYWC,TESOURO,7,31
TFT:GBOVQKJYHXRR3DX6NOX2RRYFRCUMSADGDESTDNBDS6CDVLGVESRTAC47,classic,TFT:GBOVQKJYHXRR3DX6NOX2RRYFRCUMSADGDESTDNBDS6CDVLGVESRTAC47,TFT,7,1
USDC:GA5ZSEJYB37JRC5AVCIA5MOP4RHTM335X2KGX3IHOJAPP5RE34K4KZVN,classic,USDC:GA5ZSEJYB37JRC5AVCIA5MOP4RHTM335X2KGX3IHOJAPP5RE34K4KZVN,USDC,7,59872
USDGLO:GBBS25EGYQPGEZCGCFBKG4OAGFXU6DSOQBGTHELLJT3HZXZJ34HWS6XV,classic,USDGLO:GBBS25EGYQPGEZCGCFBKG4OAGFXU6DSOQBGTHELLJT3HZXZJ34HWS6XV,USDGLO,7,21
USDT0:GATISXX6BZ6NC7IKQBY37CJD4SOZL3CYZJWXEDG6JVIY4WBS6KXJHN6Q,classic,USDT0:GATISXX6BZ6NC7IKQBY37CJD4SOZL3CYZJWXEDG6JVIY4WBS6KXJHN6Q,USDT0,7,31
USDY:GAJMPX5NBOG6TQFPQGRABJEEB2YE7RFRLUKJDZAZGAD5GFX4J7TADAZ6,classic,USDY:GAJMPX5NBOG6TQFPQGRABJEEB2YE7RFRLUKJDZAZGAD5GFX4J7TADAZ6,USDY,7,63
USDx:GAVH5ZWACAY2PHPUG4FL3LHHJIYIHOFPSIUGM2KHK25CJWXHAV6QKDMN,classic,USDx:GAVH5ZWACAY2PHPUG4FL3LHHJIYIHOFPSIUGM2KHK25CJWXHAV6QKDMN,USDx,7,149
USTRY:GCRYUGD5NVARGXT56XEZI5CIFCQETYHAPQQTHO2O3IQZTHDH4LATMYWC,classic,USTRY:GCRYUGD5NVARGXT56XEZI5CIFCQETYHAPQQTHO2O3IQZTHDH4LATMYWC,USTRY,7,80
VELO:GDM4RQUQQUVSKQA7S6EM7XBZP3FCGH4Q7CL6TABQ7B2BEJ5ERARM2M5M,classic,VELO:GDM4RQUQQUVSKQA7S6EM7XBZP3FCGH4Q7CL6TABQ7B2BEJ5ERARM2M5M,VELO,7,23
VNC:GBZGDJEYH2JWUQISQ7BXVI347SC34YCWMRYNERII5Z4EQWBA5RWB552S,classic,VNC:GBZGDJEYH2JWUQISQ7BXVI347SC34YCWMRYNERII5Z4EQWBA5RWB552S,VNC,7,2
WXT:GASBLVHS5FOABSDNW5SPPH3QRJYXY5JHA2AOA2QHH2FJLZBRXSG4SWXT,classic,WXT:GASBLVHS5FOABSDNW5SPPH3QRJYXY5JHA2AOA2QHH2FJLZBRXSG4SWXT,WXT,7,2
XAU:GBCB4WO6J4ET55RWK2SVX76LUQ4PQ7TCDHG2YFILQML7D6XR3HACLXAU,classic,XAU:GBCB4WO6J4ET55RWK2SVX76LUQ4PQ7TCDHG2YFILQML7D6XR3HACLXAU,XAU,7,2
XRF:GCHI6I3X62ND5XUMWINNNKXS2HPYZWKFQBZZYBSMHJ4MIP2XJXSZTXRF,classic,XRF:GCHI6I3X62ND5XUMWINNNKXS2HPYZWKFQBZZYBSMHJ4MIP2XJXSZTXRF,XRF,7,7
XRP:GBVOL67TMUQBGL4TZYNMY3ZQ5WGQYFPFD5VJRWXR72VA33VFNL225PL5,classic,XRP:GBVOL67TMUQBGL4TZYNMY3ZQ5WGQYFPFD5VJRWXR72VA33VFNL225PL5,XRP,7,74
XRP:GBXRPL45NPHCVMFFAYZVUVFFVKSIZ362ZXFP7I2ETNQ3QKZMFLPRDTD5,classic,XRP:GBXRPL45NPHCVMFFAYZVUVFFVKSIZ362ZXFP7I2ETNQ3QKZMFLPRDTD5,XRP,7,152
XTAR:GAORYJ3KBDGIM7FFSKVUJHJ5NEFWIRDIAGGBJBJS7TY6ECZS53257IG4,classic,XTAR:GAORYJ3KBDGIM7FFSKVUJHJ5NEFWIRDIAGGBJBJS7TY6ECZS53257IG4,XTAR,7,21
YBX:GBUYYBXWCLT2MOSSHRFCKMEDFOVSCAXNIEW424GLN666OEXHAAWBDYMX,classic,YBX:GBUYYBXWCLT2MOSSHRFCKMEDFOVSCAXNIEW424GLN666OEXHAAWBDYMX,YBX,7,14
ZINC:GCJXFDVEEFGQYBUCYD6XVEZJEHBD2CDIGBFJWX7UWAMYCO5CRRAMMETL,classic,ZINC:GCJXFDVEEFGQYBUCYD6XVEZJEHBD2CDIGBFJWX7UWAMYCO5CRRAMMETL,ZINC,7,1
ZOMB:GBGMZVSIHG7QPMD2I7DYLNTYN3KSFEP47E32C7YCDGCWV4X5NLYVM3M7,classic,ZOMB:GBGMZVSIHG7QPMD2I7DYLNTYN3KSFEP47E32C7YCDGCWV4X5NLYVM3M7,ZOMB,7,5
Zi:GDBNNE67F54PTUZTCTOQYT5CQZFXA2AX6O5DCA5BVR653OP6KCWGG2Z7,classic,Zi:GDBNNE67F54PTUZTCTOQYT5CQZFXA2AX6O5DCA5BVR653OP6KCWGG2Z7,Zi,7,5
native,classic,native,XLM,7,59426
oUSD:GBIWJGAOSFC4KUPHXM573TKTWHMI7VW7D4GCHYZYH243Q6HVBV7ORBIT,classic,oUSD:GBIWJGAOSFC4KUPHXM573TKTWHMI7VW7D4GCHYZYH243Q6HVBV7ORBIT,oUSD,7,13
yBTC:GBUVRNH4RW4VLHP4C5MOF46RRIRZLAVHYGX45MVSTKA2F6TMR7E7L6NW,classic,yBTC:GBUVRNH4RW4VLHP4C5MOF46RRIRZLAVHYGX45MVSTKA2F6TMR7E7L6NW,yBTC,7,7
yETH:GDYQNEF2UWTK4L6HITMT53MZ6F5QWO3Q4UVE6SCGC4OMEQIZQQDERQFD,classic,yETH:GDYQNEF2UWTK4L6HITMT53MZ6F5QWO3Q4UVE6SCGC4OMEQIZQQDERQFD,yETH,7,3
yUSDC:GDGTVWSM4MGS4T7Z6W4RPWOCHE2I6RDFCIFZGS3DOA63LWQTRNZNTTFF,classic,yUSDC:GDGTVWSM4MGS4T7Z6W4RPWOCHE2I6RDFCIFZGS3DOA63LWQTRNZNTTFF,yUSDC,7,37
yXLM:GARDNV3Q7YGT4AKSDF25LT32YSCCW4EV22Y2TV3I2PU2MMXJTEDL5T55,classic,yXLM:GARDNV3Q7YGT4AKSDF25LT32YSCCW4EV22Y2TV3I2PU2MMXJTEDL5T55,yXLM,7,45
